plant_id,bus_id,pg,qg,qmax,qmin,vg,mbase,status,pmax,pmin,pc1,pc2,qc1min,qc1max,qc2min,qc2max,ramp_agc,ramp_10,ramp_30,ramp_q,apf,mu_pmax,mu_pmin,mu_qmax,mu_qmin,type,interconnect,genfuelcost,geniob,genioc,geniod,bus_idx
1,2096,158.25,-30.38,44.94,-30.38,1.01,253.2,1,211.0,0.0,0,0,0,0,0,0,0,0,0.0,0,211.0,0,0,0,0,wind,Texas,0.0,0.0,0.0,0,7
2,3048,25.73,-4.94,7.31,-4.94,1.0,41.16,1,34.3,0.0,0,0,0,0,0,0,0,0,0.0,0,34.3,0,0,0,0,wind,Texas,0.0,0.0,0.0,0,11
3,1079,61.87,-11.88,17.57,-11.88,1.0,99.0,1,82.5,0.0,0,0,0,0,0,0,0,0,0.0,0,82.5,0,0,0,0,wind,Texas,0.0,0.0,0.0,0,1
4,1079,9.99,0.0,0.0,0.0,1.0,12.0,1,10.0,0.0,0,0,0,0,0,0,0,0,0.0,0,10.0,0,0,0,0,solar,Texas,0.0,0.0,0.0,0,1
5,1079,149.63,-28.73,42.49,-28.73,1.0,239.4,1,199.5,0.0,0,0,0,0,0,0,0,0,0.0,0,199.5,0,0,0,0,wind,Texas,0.0,0.0,0.0,0,1
6,2096,135.0,-1.36,38.34,-25.92,1.01,216.0,1,180.0,0.0,0,0,0,0,0,0,0,0,0.0,0,180.0,0,0,0,0,wind,Texas,0.0,0.0,0.0,0,7
7,1079,93.15,-7.89,26.45,-17.88,1.0,149.04,1,124.2,0.0,0,0,0,0,0,0,0,0,0.0,0,124.2,0,0,0,0,wind,Texas,0.0,0.0,0.0,0,1
8,1079,208.5,-40.03,59.21,-40.03,1.0,333.6,1,278.0,0.0,0,0,0,0,0,0,0,0,0.0,0,278.0,0,0,0,0,wind,Texas,0.0,0.0,0.0,0,1
9,3048,67.5,-12.96,19.17,-12.96,1.0,108.0,1,90.0,0.0,0,0,0,0,0,0,0,0,0.0,0,90.0,0,0,0,0,wind,Texas,0.0,0.0,0.0,0,11
10,1079,110.63,-21.24,31.42,-21.24,1.0,177.0,1,147.5,0.0,0,0,0,0,0,0,0,0,0.0,0,147.5,0,0,0,0,wind,Texas,0.0,0.0,0.0,0,1
11,1079,0.0,0.0,25.96,-17.55,1.0,146.28,0,121.9,0.0,0,0,0,0,0,0,0,0,0.0,0,121.9,0,0,0,0,wind,Texas,0.0,0.0,0.0,0,1
12,1079,44.1,-4.93,12.52,-8.47,1.0,70.56,1,58.8,0.0,0,0,0,0,0,0,0,0,0.0,0,58.8,0,0,0,0,wind,Texas,0.0,0.0,0.0,0,1
13,1079,0.0,0.0,165.53,-36.1,1.0,390.24,0,325.2,97.56,0,0,0,0,0,0,0,0,132.06,0,325.2,0,0,0,0,ng,Texas,3.723,5.0069,0.0004,0,1
14,1079,0.0,0.0,165.53,-36.1,1.0,390.24,0,325.2,97.56,0,0,0,0,0,0,0,0,132.06,0,325.2,0,0,0,0,ng,Texas,3.723,5.0069,0.0004,0,1
15,1079,89.27,-9.92,45.5,-9.92,1.0,107.28,1,89.4,26.82,0,0,0,0,0,0,0,0,44.7,0,89.4,0,0,0,0,ng,Texas,3.723,4.6909,0.0004,0,1
16,1079,89.27,-7.94,45.5,-9.92,1.0,107.28,1,89.4,26.82,0,0,0,0,0,0,0,0,44.7,0,89.4,0,0,0,0,ng,Texas,3.723,4.6909,0.0004,0,1
17,1079,89.27,-9.92,45.5,-9.92,1.0,107.28,1,89.4,26.82,0,0,0,0,0,0,0,0,44.7,0,89.4,0,0,0,0,ng,Texas,3.723,4.6909,0.0004,0,1
18,1079,0.0,0.0,91.01,-19.85,1.0,214.56,0,178.8,53.64,0,0,0,0,0,0,0,0,89.4,0,178.8,0,0,0,0,ng,Texas,3.723,4.8107,0.0004,0,1
19,1079,0.0,0.0,25.56,-17.28,1.0,144.0,0,120.0,0.0,0,0,0,0,0,0,0,0,0.0,0,120.0,0,0,0,0,wind,Texas,0.0,0.0,0.0,0,1
20,3048,0.0,0.0,2.85,-0.62,1.04,6.72,0,5.6,1.68,0,0,0,0,0,0,0,0,2.8,0,5.6,0,0,0,0,ng,Texas,3.723,4.5786,0.0004,0,11
21,3048,0.0,0.0,1.02,-0.22,1.04,2.4,0,2.0,0.6,0,0,0,0,0,0,0,0,1.0,0,2.0,0,0,0,0,ng,Texas,3.723,4.5738,0.0004,0,11
22,3048,0.0,0.0,0.0,0.0,1.01,1.8,0,1.5,0.0,0,0,0,0,0,0,0,0,0.0,0,1.5,0,0,0,0,solar,Texas,0.0,0.0,0.0,0,11
23,3048,0.0,0.0,0.0,0.0,1.01,276.0,0,230.0,0.0,0,0,0,0,0,0,0,0,0.0,0,230.0,0,0,0,0,solar,Texas,0.0,0.0,0.0,0,11
24,1079,106.88,-4.79,30.35,-20.52,1.0,171.0,1,142.5,0.0,0,0,0,0,0,0,0,0,0.0,0,142.5,0,0,0,0,wind,Texas,0.0,0.0,0.0,0,1
25,3048,120.38,16.42,34.19,-23.11,1.04,192.6,1,160.5,0.0,0,0,0,0,0,0,0,0,0.0,0,160.5,0,0,0,0,wind,Texas,0.0,0.0,0.0,0,11
26,1079,191.85,10.71,97.8,-21.33,1.01,230.56,1,192.13,57.64,0,0,0,0,0,0,0,0,96.06,0,192.13,0,0,0,0,ng,Texas,3.723,4.8286,0.0004,0,1
27,1079,191.85,23.64,97.8,-21.33,1.01,230.56,1,192.13,57.64,0,0,0,0,0,0,0,0,96.06,0,192.13,0,0,0,0,ng,Texas,3.723,4.8286,0.0004,0,1
28,1079,191.85,18.7,97.8,-21.33,1.01,230.56,1,192.13,57.64,0,0,0,0,0,0,0,0,96.06,0,192.13,0,0,0,0,ng,Texas,3.723,4.8286,0.0004,0,1
29,1079,191.85,17.01,97.8,-21.33,1.01,230.56,1,192.13,57.64,0,0,0,0,0,0,0,0,96.06,0,192.13,0,0,0,0,ng,Texas,3.723,4.8286,0.0004,0,1
30,1079,0.0,0.0,97.8,-21.33,1.01,230.56,0,192.13,57.64,0,0,0,0,0,0,0,0,96.06,0,192.13,0,0,0,0,ng,Texas,3.723,4.8286,0.0004,0,1
31,1079,0.0,0.0,97.8,-21.33,1.01,230.56,0,192.13,57.64,0,0,0,0,0,0,0,0,96.06,0,192.13,0,0,0,0,ng,Texas,3.723,4.8286,0.0004,0,1
32,1079,95.36,9.08,48.61,-10.6,1.01,114.6,1,95.5,28.65,0,0,0,0,0,0,0,0,47.75,0,95.5,0,0,0,0,ng,Texas,3.723,4.6991,0.0004,0,1
33,1079,95.36,-10.6,48.61,-10.6,1.01,114.6,1,95.5,28.65,0,0,0,0,0,0,0,0,47.75,0,95.5,0,0,0,0,ng,Texas,3.723,4.6991,0.0004,0,1
34,1079,95.36,6.37,48.61,-10.6,1.01,114.6,1,95.5,28.65,0,0,0,0,0,0,0,0,47.75,0,95.5,0,0,0,0,ng,Texas,3.723,4.6991,0.0004,0,1
35,1079,0.0,0.0,145.83,-31.8,1.01,343.8,0,286.5,85.95,0,0,0,0,0,0,0,0,124.66,0,286.5,0,0,0,0,ng,Texas,3.723,4.955,0.0004,0,1
36,1079,112.5,-21.6,31.95,-21.6,1.0,180.0,1,150.0,0.0,0,0,0,0,0,0,0,0,0.0,0,150.0,0,0,0,0,wind,Texas,0.0,0.0,0.0,0,1
37,1079,86.62,24.6,24.6,-16.63,1.04,138.6,1,115.5,0.0,0,0,0,0,0,0,0,0,0.0,0,115.5,0,0,0,0,wind,Texas,0.0,0.0,0.0,0,1
38,1079,56.25,-8.13,15.97,-10.8,1.0,90.0,1,75.0,0.0,0,0,0,0,0,0,0,0,0.0,0,75.0,0,0,0,0,wind,Texas,0.0,0.0,0.0,0,1
39,1079,114.37,9.6,32.48,-21.96,1.02,183.0,1,152.5,0.0,0,0,0,0,0,0,0,0,0.0,0,152.5,0,0,0,0,wind,Texas,0.0,0.0,0.0,0,1
40,1079,27.0,7.67,7.67,-5.18,1.02,43.2,1,36.0,0.0,0,0,0,0,0,0,0,0,0.0,0,36.0,0,0,0,0,wind,Texas,0.0,0.0,0.0,0,1
41,2002,0.0,0.0,199.43,-43.49,1.02,470.16,0,391.8,117.54,0,0,0,0,0,0,0,0,139.54,0,391.8,0,0,0,0,ng,Texas,5.395,5.0961,0.0004,0,2
42,2002,0.0,0.0,199.43,-43.49,1.02,470.16,0,391.8,117.54,0,0,0,0,0,0,0,0,139.54,0,391.8,0,0,0,0,ng,Texas,5.395,5.0961,0.0004,0,2
43,2002,0.0,0.0,199.43,-43.49,1.02,470.16,0,391.8,117.54,0,0,0,0,0,0,0,0,139.54,0,391.8,0,0,0,0,ng,Texas,5.395,5.0961,0.0004,0,2
44,2011,150.45,-28.89,42.73,-28.89,1.0,240.72,1,200.6,0.0,0,0,0,0,0,0,0,0,0.0,0,200.6,0,0,0,0,wind,Texas,0.0,0.0,0.0,0,3
45,2017,0.0,0.0,46.43,-31.39,1.04,261.6,0,218.0,0.0,0,0,0,0,0,0,0,0,0.0,0,218.0,0,0,0,0,wind,Texas,0.0,0.0,0.0,0,4
46,2021,83.21,3.63,42.42,-9.25,1.02,100.0,1,83.33,25.0,0,0,0,0,0,0,0,0,41.66,0,83.33,0,0,0,0,ng,Texas,3.628,4.6828,0.0004,0,5
47,2021,166.42,6.12,84.83,-18.5,1.02,200.0,1,166.67,50.0,0,0,0,0,0,0,0,0,83.33,0,166.67,0,0,0,0,ng,Texas,3.628,4.7945,0.0004,0,5
48,2011,59.7,-11.46,16.95,-11.46,1.01,95.52,1,79.6,0.0,0,0,0,0,0,0,0,0,0.0,0,79.6,0,0,0,0,wind,Texas,0.0,0.0,0.0,0,3
49,2054,0.0,0.0,2.8,-0.73,0.99,7.2,0,6.0,1.8,0,0,0,0,0,0,0,0,2.4,0,6.0,0,0,0,0,coal,Texas,2.154,8.0169,0.0008,0,6
50,2054,579.67,-79.15,335.52,-87.84,0.99,864.0,1,720.0,216.0,0,0,0,0,0,0,0,0,210.0,0,720.0,0,0,0,0,coal,Texas,2.154,8.0169,0.0008,0,6
51,2127,60.0,-11.52,17.04,-11.52,1.0,96.0,1,80.0,0.0,0,0,0,0,0,0,0,0,0.0,0,80.0,0,0,0,0,wind,Texas,0.0,0.0,0.0,0,10
52,2054,101.55,-15.32,28.84,-19.5,1.02,162.48,1,135.4,0.0,0,0,0,0,0,0,0,0,0.0,0,135.4,0,0,0,0,wind,Texas,0.0,0.0,0.0,0,6
53,2002,0.0,0.0,0.0,0.0,1.0,100.0,1,80.0,0.0,0,0,0,0,0,0,0,0,0.0,0,0.0,0,0,0,0,hydro,Texas,3.975,4.7027,0.0004,0,2
54,5236,112.5,-5.4,31.95,-21.6,1.0,180.0,1,150.0,0.0,0,0,0,0,0,0,0,0,0.0,0,150.0,0,0,0,0,wind,Texas,0.0,0.0,0.0,0,32
55,3048,22.5,6.39,6.39,-4.32,1.04,36.0,1,30.0,0.0,0,0,0,0,0,0,0,0,0.0,0,30.0,0,0,0,0,wind,Texas,0.0,0.0,0.0,0,11
56,2101,84.38,-8.99,23.96,-16.2,1.02,135.0,1,112.5,0.0,0,0,0,0,0,0,0,0,0.0,0,112.5,0,0,0,0,wind,Texas,0.0,0.0,0.0,0,8
57,2054,19.97,7.32,10.18,-2.22,1.02,24.0,1,20.0,6.0,0,0,0,0,0,0,0,0,10.0,0,20.0,0,0,0,0,ng,Texas,3.487,4.5979,0.0004,0,6
58,2054,0.0,0.0,10.18,-2.22,1.02,24.0,0,20.0,6.0,0,0,0,0,0,0,0,0,10.0,0,20.0,0,0,0,0,ng,Texas,3.487,4.5979,0.0004,0,6
59,2054,0.0,0.0,20.36,-4.44,1.02,48.0,0,40.0,12.0,0,0,0,0,0,0,0,0,20.0,0,40.0,0,0,0,0,ng,Texas,3.487,4.6247,0.0004,0,6
60,5236,50.7,-1.65,14.4,-9.73,1.0,81.12,1,67.6,0.0,0,0,0,0,0,0,0,0,0.0,0,67.6,0,0,0,0,wind,Texas,0.0,0.0,0.0,0,32
61,2011,0.0,0.0,2.13,-1.44,1.0,12.0,0,10.0,0.0,0,0,0,0,0,0,0,0,0.0,0,10.0,0,0,0,0,wind,Texas,0.0,0.0,0.0,0,3
62,2011,0.0,0.0,16.93,-11.45,1.0,95.4,0,79.5,0.0,0,0,0,0,0,0,0,0,0.0,0,79.5,0,0,0,0,wind,Texas,0.0,0.0,0.0,0,3
63,2096,7.5,-1.44,2.13,-1.44,1.02,12.0,1,10.0,0.0,0,0,0,0,0,0,0,0,0.0,0,10.0,0,0,0,0,wind,Texas,0.0,0.0,0.0,0,7
64,2096,112.5,-21.6,31.95,-21.6,1.02,180.0,1,150.0,0.0,0,0,0,0,0,0,0,0,0.0,0,150.0,0,0,0,0,wind,Texas,0.0,0.0,0.0,0,7
65,2101,0.0,0.0,136.28,-29.72,1.0,321.28,0,267.73,80.32,0,0,0,0,0,0,0,0,120.26,0,267.73,0,0,0,0,ng,Texas,5.395,4.9299,0.0004,0,8
66,2101,0.0,0.0,136.28,-29.72,1.0,321.28,0,267.73,80.32,0,0,0,0,0,0,0,0,120.26,0,267.73,0,0,0,0,ng,Texas,5.395,4.9299,0.0004,0,8
67,2101,0.0,0.0,136.28,-29.72,1.0,321.28,0,267.73,80.32,0,0,0,0,0,0,0,0,120.26,0,267.73,0,0,0,0,ng,Texas,5.395,4.9299,0.0004,0,8
68,2113,184.45,-20.5,94.02,-20.5,1.0,221.66,1,184.72,55.41,0,0,0,0,0,0,0,0,92.36,0,184.72,0,0,0,0,ng,Texas,3.628,4.8187,0.0004,0,9
69,2113,184.45,-20.5,94.02,-20.5,1.0,221.66,1,184.72,55.41,0,0,0,0,0,0,0,0,92.36,0,184.72,0,0,0,0,ng,Texas,3.628,4.8187,0.0004,0,9
70,2113,184.45,-20.5,94.02,-20.5,1.0,221.66,1,184.72,55.41,0,0,0,0,0,0,0,0,92.36,0,184.72,0,0,0,0,ng,Texas,3.628,4.8187,0.0004,0,9
71,2113,184.45,-20.5,94.02,-20.5,1.0,221.66,1,184.72,55.41,0,0,0,0,0,0,0,0,92.36,0,184.72,0,0,0,0,ng,Texas,3.628,4.8187,0.0004,0,9
72,2113,184.45,-20.5,94.02,-20.5,1.0,221.66,1,184.72,55.41,0,0,0,0,0,0,0,0,92.36,0,184.72,0,0,0,0,ng,Texas,3.628,4.8187,0.0004,0,9
73,2113,184.45,-13.02,94.02,-20.5,1.01,221.66,1,184.72,55.41,0,0,0,0,0,0,0,0,92.36,0,184.72,0,0,0,0,ng,Texas,3.628,4.8187,0.0004,0,9
74,2127,136.28,-26.16,38.7,-26.16,1.0,218.04,1,181.7,0.0,0,0,0,0,0,0,0,0,0.0,0,181.7,0,0,0,0,wind,Texas,0.0,0.0,0.0,0,10
75,2127,216.45,61.47,61.47,-41.56,1.04,346.32,1,288.6,0.0,0,0,0,0,0,0,0,0,0.0,0,288.6,0,0,0,0,wind,Texas,0.0,0.0,0.0,0,10
76,3048,28.13,-5.4,7.99,-5.4,1.0,45.0,1,37.5,0.0,0,0,0,0,0,0,0,0,0.0,0,37.5,0,0,0,0,wind,Texas,0.0,0.0,0.0,0,11
77,3048,127.13,-3.11,36.1,-24.41,1.01,203.4,1,169.5,0.0,0,0,0,0,0,0,0,0,0.0,0,169.5,0,0,0,0,wind,Texas,0.0,0.0,0.0,0,11
78,3048,112.5,-0.04,31.95,-21.6,1.03,180.0,1,150.0,0.0,0,0,0,0,0,0,0,0,0.0,0,150.0,0,0,0,0,wind,Texas,0.0,0.0,0.0,0,11
79,5394,150.0,30.9,42.6,-28.8,1.04,240.0,1,200.0,0.0,0,0,0,0,0,0,0,0,0.0,0,200.0,0,0,0,0,wind,Texas,0.0,0.0,0.0,0,46
80,2096,97.87,16.69,27.8,-18.79,1.03,156.6,1,130.5,0.0,0,0,0,0,0,0,0,0,0.0,0,130.5,0,0,0,0,wind,Texas,0.0,0.0,0.0,0,7
81,5394,156.75,32.46,44.52,-30.1,1.04,250.8,1,209.0,0.0,0,0,0,0,0,0,0,0,0.0,0,209.0,0,0,0,0,wind,Texas,0.0,0.0,0.0,0,46
82,3048,0.0,0.0,0.66,-0.14,1.04,1.56,0,1.3,0.39,0,0,0,0,0,0,0,0,0.65,0,1.3,0,0,0,0,ng,Texas,4.198,4.5729,0.0004,0,11
83,3048,0.0,0.0,45.5,-9.92,1.04,107.28,0,89.4,26.82,0,0,0,0,0,0,0,0,44.7,0,89.4,0,0,0,0,ng,Texas,4.198,4.6909,0.0004,0,11
84,3048,0.0,0.0,227.52,-49.62,1.04,536.4,0,447.0,134.1,0,0,0,0,0,0,0,0,140.69,0,447.0,0,0,0,0,ng,Texas,4.198,5.1701,0.0004,0,11
85,3048,180.75,51.33,51.33,-34.7,1.04,289.2,1,241.0,0.0,0,0,0,0,0,0,0,0,0.0,0,241.0,0,0,0,0,wind,Texas,0.0,0.0,0.0,0,11
86,3048,0.0,0.0,0.0,0.0,1.0,100.0,1,75.8,0.0,0,0,0,0,0,0,0,0,0.0,0,0.0,0,0,0,0,hydro,Texas,3.975,4.7027,0.0004,0,11
87,5394,183.88,29.03,52.22,-35.3,1.04,294.2,1,245.17,0.0,0,0,0,0,0,0,0,0,0.0,0,245.17,0,0,0,0,wind,Texas,0.0,0.0,0.0,0,46
88,5394,183.88,20.55,52.22,-35.3,1.04,294.2,1,245.17,0.0,0,0,0,0,0,0,0,0,0.0,0,245.17,0,0,0,0,wind,Texas,0.0,0.0,0.0,0,46
89,5394,183.88,18.83,52.22,-35.3,1.04,294.2,1,245.17,0.0,0,0,0,0,0,0,0,0,0.0,0,245.17,0,0,0,0,wind,Texas,0.0,0.0,0.0,0,46
90,3048,124.22,10.79,35.28,-23.85,1.04,198.75,1,165.63,0.0,0,0,0,0,0,0,0,0,0.0,0,165.63,0,0,0,0,wind,Texas,0.0,0.0,0.0,0,11
91,3048,124.22,10.59,35.28,-23.85,1.04,198.75,1,165.63,0.0,0,0,0,0,0,0,0,0,0.0,0,165.63,0,0,0,0,wind,Texas,0.0,0.0,0.0,0,11
92,3048,124.22,12.87,35.28,-23.85,1.04,198.75,1,165.63,0.0,0,0,0,0,0,0,0,0,0.0,0,165.63,0,0,0,0,wind,Texas,0.0,0.0,0.0,0,11
93,3048,124.22,10.23,35.28,-23.85,1.04,198.75,1,165.63,0.0,0,0,0,0,0,0,0,0,0.0,0,165.63,0,0,0,0,wind,Texas,0.0,0.0,0.0,0,11
94,3048,60.37,-11.59,17.15,-11.59,1.0,96.6,1,80.5,0.0,0,0,0,0,0,0,0,0,0.0,0,80.5,0,0,0,0,wind,Texas,0.0,0.0,0.0,0,11
95,3048,112.5,22.42,31.95,-21.6,1.04,180.0,1,150.0,0.0,0,0,0,0,0,0,0,0,0.0,0,150.0,0,0,0,0,wind,Texas,0.0,0.0,0.0,0,11
96,3048,127.65,-24.51,36.25,-24.51,1.0,204.24,1,170.2,0.0,0,0,0,0,0,0,0,0,0.0,0,170.2,0,0,0,0,wind,Texas,0.0,0.0,0.0,0,11
97,3048,74.85,-7.15,21.26,-14.37,1.0,119.76,1,99.8,0.0,0,0,0,0,0,0,0,0,0.0,0,99.8,0,0,0,0,wind,Texas,0.0,0.0,0.0,0,11
98,3048,186.75,25.43,53.04,-35.86,1.04,298.8,1,249.0,0.0,0,0,0,0,0,0,0,0,0.0,0,249.0,0,0,0,0,wind,Texas,0.0,0.0,0.0,0,11
99,3048,174.37,-14.09,49.52,-33.48,1.0,279.0,1,232.5,0.0,0,0,0,0,0,0,0,0,0.0,0,232.5,0,0,0,0,wind,Texas,0.0,0.0,0.0,0,11
100,3048,56.25,-2.4,15.97,-10.8,1.0,90.0,1,75.0,0.0,0,0,0,0,0,0,0,0,0.0,0,75.0,0,0,0,0,wind,Texas,0.0,0.0,0.0,0,11
101,3048,0.0,0.0,15.97,-10.8,1.0,90.0,0,75.0,0.0,0,0,0,0,0,0,0,0,0.0,0,75.0,0,0,0,0,wind,Texas,0.0,0.0,0.0,0,11
102,5394,150.0,18.47,42.6,-28.8,1.04,240.0,1,200.0,0.0,0,0,0,0,0,0,0,0,0.0,0,200.0,0,0,0,0,wind,Texas,0.0,0.0,0.0,0,46
103,3048,90.45,17.28,25.69,-17.37,1.04,144.72,1,120.6,0.0,0,0,0,0,0,0,0,0,0.0,0,120.6,0,0,0,0,wind,Texas,0.0,0.0,0.0,0,11
104,2096,120.0,16.96,34.08,-23.04,1.04,192.0,1,160.0,0.0,0,0,0,0,0,0,0,0,0.0,0,160.0,0,0,0,0,wind,Texas,0.0,0.0,0.0,0,7
105,6349,44.5,-0.74,17.07,-0.74,1.0,18.0,1,44.5,0.0,0,0,0,0,0,0,0,0,0.0,0,15.0,0,0,0,0,hydro,Texas,0.0,0.0,0.0,0,80
106,6349,53.02,-2.69,62.48,-2.69,1.0,65.88,1,18.5,0.0,0,0,0,0,0,0,0,0,0.0,0,54.9,0,0,0,0,hydro,Texas,0.0,0.0,0.0,0,80
107,2096,63.0,11.52,17.89,-12.1,1.04,100.8,1,84.0,0.0,0,0,0,0,0,0,0,0,0.0,0,84.0,0,0,0,0,wind,Texas,0.0,0.0,0.0,0,7
108,3048,56.1,-4.0,15.93,-10.77,1.0,89.76,1,74.8,0.0,0,0,0,0,0,0,0,0,0.0,0,74.8,0,0,0,0,wind,Texas,0.0,0.0,0.0,0,11
109,3048,56.1,-3.31,15.93,-10.77,1.0,89.76,1,74.8,0.0,0,0,0,0,0,0,0,0,0.0,0,74.8,0,0,0,0,wind,Texas,0.0,0.0,0.0,0,11
110,2096,47.25,-5.59,13.42,-9.07,1.0,75.6,1,63.0,0.0,0,0,0,0,0,0,0,0,0.0,0,63.0,0,0,0,0,wind,Texas,0.0,0.0,0.0,0,7
111,2096,90.0,-9.26,25.56,-17.28,1.0,144.0,1,120.0,0.0,0,0,0,0,0,0,0,0,0.0,0,120.0,0,0,0,0,wind,Texas,0.0,0.0,0.0,0,7
112,3048,29.7,0.0,0.0,0.0,1.0,47.52,1,39.6,0.0,0,0,0,0,0,0,0,0,0.0,0,39.6,0,0,0,0,solar,Texas,0.0,0.0,0.0,0,11
113,3048,147.75,-14.42,41.96,-28.37,1.0,236.4,1,197.0,0.0,0,0,0,0,0,0,0,0,0.0,0,197.0,0,0,0,0,wind,Texas,0.0,0.0,0.0,0,11
114,3048,101.25,-19.44,28.76,-19.44,1.0,162.0,1,135.0,0.0,0,0,0,0,0,0,0,0,0.0,0,135.0,0,0,0,0,wind,Texas,0.0,0.0,0.0,0,11
115,3048,94.88,-18.22,26.94,-18.22,1.0,151.8,1,126.5,0.0,0,0,0,0,0,0,0,0,0.0,0,126.5,0,0,0,0,wind,Texas,0.0,0.0,0.0,0,11
116,3048,85.5,6.75,24.28,-16.42,1.02,136.8,1,114.0,0.0,0,0,0,0,0,0,0,0,0.0,0,114.0,0,0,0,0,wind,Texas,0.0,0.0,0.0,0,11
117,2096,0.0,0.0,26.11,-5.69,1.04,61.56,0,51.3,15.39,0,0,0,0,0,0,0,0,25.65,0,51.3,0,0,0,0,ng,Texas,4.198,4.6399,0.0004,0,7
118,2096,0.0,0.0,26.11,-5.69,1.04,61.56,0,51.3,15.39,0,0,0,0,0,0,0,0,25.65,0,51.3,0,0,0,0,ng,Texas,4.198,4.6399,0.0004,0,7
119,2096,0.0,0.0,26.11,-5.69,1.04,61.56,0,51.3,15.39,0,0,0,0,0,0,0,0,25.65,0,51.3,0,0,0,0,ng,Texas,4.198,4.6399,0.0004,0,7
120,3048,75.9,21.56,21.56,-14.57,1.03,121.44,1,101.2,0.0,0,0,0,0,0,0,0,0,0.0,0,101.2,0,0,0,0,wind,Texas,0.0,0.0,0.0,0,11
121,3048,68.62,-13.18,19.49,-13.18,1.0,109.8,1,91.5,0.0,0,0,0,0,0,0,0,0,0.0,0,91.5,0,0,0,0,wind,Texas,0.0,0.0,0.0,0,11
122,4195,151.2,9.12,42.94,-29.03,1.03,241.92,1,201.6,0.0,0,0,0,0,0,0,0,0,0.0,0,201.6,0,0,0,0,wind,Texas,0.0,0.0,0.0,0,12
123,7406,409.4,42.35,191.06,-50.02,1.03,492.0,1,410.0,123.0,0,0,0,0,0,0,0,0,146.06,0,410.0,0,0,0,0,coal,Texas,2.142,8.0169,0.0008,0,107
124,7042,465.83,-41.42,290.04,-75.93,1.01,746.88,1,622.4,186.72,0,0,0,0,0,0,0,0,194.19,0,622.4,0,0,0,0,coal,Texas,2.142,8.0169,0.0008,0,84
125,4195,93.4,5.86,35.86,-1.54,1.02,37.8,1,36.0,0.0,0,0,0,0,0,0,0,0,0.0,0,31.5,0,0,0,0,hydro,Texas,0.0,0.0,0.0,0,12
126,4195,28.5,0.91,10.94,-0.47,1.02,11.52,1,9.6,0.0,0,0,0,0,0,0,0,0,0.0,0,9.6,0,0,0,0,hydro,Texas,0.0,0.0,0.0,0,12
127,4195,27.48,0.6,75.1,-3.23,1.02,79.2,1,195.7,0.0,0,0,0,0,0,0,0,0,97.85,0,66.0,0,0,0,0,ng,Texas,0.0,0.0,0.0,0,12
128,4195,150.0,-28.8,42.6,-28.8,1.0,240.0,1,200.0,0.0,0,0,0,0,0,0,0,0,0.0,0,200.0,0,0,0,0,wind,Texas,0.0,0.0,0.0,0,12
129,4195,44.13,22.5,22.5,-4.91,1.04,53.04,1,44.2,13.26,0,0,0,0,0,0,0,0,22.1,0,44.2,0,0,0,0,ng,Texas,3.613,4.6304,0.0004,0,12
130,4195,100.82,14.7,73.3,-15.98,1.03,172.8,1,144.0,43.2,0,0,0,0,0,0,0,0,72.0,0,144.0,0,0,0,0,ng,Texas,3.613,4.7641,0.0004,0,12
131,4195,85.3,15.12,73.3,-15.98,1.03,172.8,1,144.0,43.2,0,0,0,0,0,0,0,0,72.0,0,144.0,0,0,0,0,ng,Texas,3.613,4.7641,0.0004,0,12
132,4195,125.62,12.99,73.3,-15.98,1.03,172.8,1,144.0,43.2,0,0,0,0,0,0,0,0,72.0,0,144.0,0,0,0,0,ng,Texas,3.613,4.7641,0.0004,0,12
133,4195,150.33,16.74,87.72,-19.13,1.03,206.8,1,172.33,51.7,0,0,0,0,0,0,0,0,86.17,0,172.33,0,0,0,0,ng,Texas,3.613,4.8021,0.0004,0,12
134,4195,172.08,14.76,87.72,-19.13,1.03,206.8,1,172.33,51.7,0,0,0,0,0,0,0,0,86.17,0,172.33,0,0,0,0,ng,Texas,3.613,4.8021,0.0004,0,12
135,4195,126.2,16.97,87.72,-19.13,1.03,206.8,1,172.33,51.7,0,0,0,0,0,0,0,0,86.17,0,172.33,0,0,0,0,ng,Texas,3.613,4.8021,0.0004,0,12
136,4195,46.93,9.84,23.92,-5.22,1.02,56.4,1,47.0,14.1,0,0,0,0,0,0,0,0,23.5,0,47.0,0,0,0,0,ng,Texas,3.613,4.6341,0.0004,0,12
137,4195,0.0,0.0,89.75,-19.57,1.03,211.6,0,176.33,52.9,0,0,0,0,0,0,0,0,88.17,0,176.33,0,0,0,0,ng,Texas,6.05,4.8074,0.0004,0,12
138,4195,176.07,22.29,89.75,-19.57,1.03,211.6,1,176.33,52.9,0,0,0,0,0,0,0,0,88.17,0,176.33,0,0,0,0,ng,Texas,6.05,4.8074,0.0004,0,12
139,4195,98.55,16.9,89.75,-19.57,1.03,211.6,1,176.33,52.9,0,0,0,0,0,0,0,0,88.17,0,176.33,0,0,0,0,ng,Texas,6.05,4.8074,0.0004,0,12
140,4195,243.04,26.69,123.89,-27.02,1.04,292.08,1,243.4,73.02,0,0,0,0,0,0,0,0,113.78,0,243.4,0,0,0,0,ng,Texas,3.613,4.8973,0.0004,0,12
141,4195,243.04,27.21,123.89,-27.02,1.04,292.08,1,243.4,73.02,0,0,0,0,0,0,0,0,113.78,0,243.4,0,0,0,0,ng,Texas,3.613,4.8973,0.0004,0,12
142,4195,243.04,40.3,123.89,-27.02,1.04,292.08,1,243.4,73.02,0,0,0,0,0,0,0,0,113.78,0,243.4,0,0,0,0,ng,Texas,3.613,4.8973,0.0004,0,12
143,4195,171.03,41.93,179.17,-39.07,1.04,422.4,1,352.0,105.6,0,0,0,0,0,0,0,0,135.87,0,352.0,0,0,0,0,ng,Texas,3.613,5.0428,0.0004,0,12
144,4195,0.0,0.0,0.65,-0.17,1.01,1.68,0,1.4,0.42,0,0,0,0,0,0,0,0,0.56,0,1.4,0,0,0,0,coal,Texas,2.142,8.0169,0.0008,0,12
145,4195,23.47,-1.01,10.95,-2.87,1.01,28.2,1,23.5,7.05,0,0,0,0,0,0,0,0,9.4,0,23.5,0,0,0,0,coal,Texas,2.142,8.0169,0.0008,0,12
146,4195,0.0,0.0,3.54,-0.93,1.01,9.12,0,7.6,2.28,0,0,0,0,0,0,0,0,3.04,0,7.6,0,0,0,0,coal,Texas,2.142,8.0169,0.0008,0,12
147,4195,27.96,-1.55,13.05,-3.42,1.01,33.6,1,28.0,8.4,0,0,0,0,0,0,0,0,11.2,0,28.0,0,0,0,0,coal,Texas,2.142,8.0169,0.0008,0,12
148,4195,27.96,-2.66,13.05,-3.42,1.01,33.6,1,28.0,8.4,0,0,0,0,0,0,0,0,11.2,0,28.0,0,0,0,0,coal,Texas,2.142,8.0169,0.0008,0,12
149,4195,27.96,-1.57,13.05,-3.42,1.01,33.6,1,28.0,8.4,0,0,0,0,0,0,0,0,11.2,0,28.0,0,0,0,0,coal,Texas,2.142,8.0169,0.0008,0,12
150,4195,0.0,0.0,13.05,-3.42,1.01,33.6,0,28.0,8.4,0,0,0,0,0,0,0,0,11.2,0,28.0,0,0,0,0,coal,Texas,2.142,8.0169,0.0008,0,12
151,4195,27.96,-1.41,13.05,-3.42,1.01,33.6,1,28.0,8.4,0,0,0,0,0,0,0,0,11.2,0,28.0,0,0,0,0,coal,Texas,2.142,8.0169,0.0008,0,12
152,4195,0.0,0.0,13.05,-3.42,1.01,33.6,0,28.0,8.4,0,0,0,0,0,0,0,0,11.2,0,28.0,0,0,0,0,coal,Texas,2.142,8.0169,0.0008,0,12
153,4195,135.0,13.1,38.34,-25.92,1.01,216.0,1,180.0,0.0,0,0,0,0,0,0,0,0,0.0,0,180.0,0,0,0,0,wind,Texas,0.0,0.0,0.0,0,12
154,4195,131.61,25.73,67.09,-14.63,1.04,158.16,1,131.8,39.54,0,0,0,0,0,0,0,0,65.9,0,131.8,0,0,0,0,ng,Texas,6.05,4.7477,0.0004,0,12
155,4195,124.88,23.21,67.09,-14.63,1.04,158.16,1,131.8,39.54,0,0,0,0,0,0,0,0,65.9,0,131.8,0,0,0,0,ng,Texas,6.05,4.7477,0.0004,0,12
156,6169,0.0,0.0,17.1,-3.73,1.0,40.32,0,33.6,10.08,0,0,0,0,0,0,0,0,16.8,0,33.6,0,0,0,0,ng,Texas,6.05,4.6162,0.0004,0,69
157,6169,10.49,-3.73,17.1,-3.73,1.0,40.32,1,33.6,10.08,0,0,0,0,0,0,0,0,16.8,0,33.6,0,0,0,0,ng,Texas,6.05,4.6162,0.0004,0,69
158,6169,10.49,-3.73,17.1,-3.73,1.0,40.32,1,33.6,10.08,0,0,0,0,0,0,0,0,16.8,0,33.6,0,0,0,0,ng,Texas,6.05,4.6162,0.0004,0,69
159,6169,10.49,-3.73,17.1,-3.73,1.0,40.32,1,33.6,10.08,0,0,0,0,0,0,0,0,16.8,0,33.6,0,0,0,0,ng,Texas,6.05,4.6162,0.0004,0,69
160,6169,0.0,0.0,34.2,-7.46,1.0,80.64,0,67.2,20.16,0,0,0,0,0,0,0,0,33.6,0,67.2,0,0,0,0,ng,Texas,6.05,4.6612,0.0004,0,69
161,6169,0.0,0.0,33.59,-7.33,1.0,79.2,0,66.0,19.8,0,0,0,0,0,0,0,0,33.0,0,66.0,0,0,0,0,ng,Texas,6.05,4.6596,0.0004,0,69
162,4195,141.0,26.2,40.04,-27.07,1.04,225.6,1,188.0,0.0,0,0,0,0,0,0,0,0,0.0,0,188.0,0,0,0,0,wind,Texas,0.0,0.0,0.0,0,12
163,4195,212.4,60.32,60.32,-40.78,1.04,339.84,1,283.2,0.0,0,0,0,0,0,0,0,0,0.0,0,283.2,0,0,0,0,wind,Texas,0.0,0.0,0.0,0,12
164,4195,197.48,55.67,100.66,-21.95,1.03,237.32,1,197.77,59.33,0,0,0,0,0,0,0,0,98.89,0,197.77,0,0,0,0,ng,Texas,3.613,4.8361,0.0004,0,12
165,4195,89.46,23.49,100.66,-21.95,1.03,237.32,1,197.77,59.33,0,0,0,0,0,0,0,0,98.89,0,197.77,0,0,0,0,ng,Texas,3.613,4.8361,0.0004,0,12
166,4195,114.14,22.39,100.66,-21.95,1.03,237.32,1,197.77,59.33,0,0,0,0,0,0,0,0,98.89,0,197.77,0,0,0,0,ng,Texas,3.613,4.8361,0.0004,0,12
167,4195,0.0,0.0,4.58,-1.0,1.03,10.8,0,9.0,2.7,0,0,0,0,0,0,0,0,4.5,0,9.0,0,0,0,0,ng,Texas,3.613,4.5832,0.0004,0,12
168,4195,150.75,-28.94,42.81,-28.94,1.0,241.2,1,201.0,0.0,0,0,0,0,0,0,0,0,0.0,0,201.0,0,0,0,0,wind,Texas,0.0,0.0,0.0,0,12
169,4195,112.5,-0.15,31.95,-21.6,1.04,180.0,1,150.0,0.0,0,0,0,0,0,0,0,0,0.0,0,150.0,0,0,0,0,wind,Texas,0.0,0.0,0.0,0,12
170,7406,150.07,42.62,42.62,-28.81,1.04,240.12,1,200.1,0.0,0,0,0,0,0,0,0,0,0.0,0,200.1,0,0,0,0,wind,Texas,0.0,0.0,0.0,0,107
171,4195,152.25,43.24,43.24,-29.23,1.03,243.6,1,203.0,0.0,0,0,0,0,0,0,0,0,0.0,0,203.0,0,0,0,0,wind,Texas,0.0,0.0,0.0,0,12
172,4195,74.89,12.56,38.17,-8.33,1.02,90.0,1,75.0,22.5,0,0,0,0,0,0,0,0,37.5,0,75.0,0,0,0,0,ng,Texas,3.613,4.6716,0.0004,0,12
173,4195,183.5,12.56,93.54,-20.4,1.02,220.52,1,183.77,55.13,0,0,0,0,0,0,0,0,91.89,0,183.77,0,0,0,0,ng,Texas,3.613,4.8174,0.0004,0,12
174,4195,0.0,0.0,12.22,-2.66,1.02,28.8,0,24.0,7.2,0,0,0,0,0,0,0,0,12.0,0,24.0,0,0,0,0,ng,Texas,3.613,4.6033,0.0004,0,12
175,4195,60.91,12.56,31.05,-6.77,1.02,73.2,1,61.0,18.3,0,0,0,0,0,0,0,0,30.5,0,61.0,0,0,0,0,ng,Texas,3.613,4.6529,0.0004,0,12
176,4195,10.38,5.29,5.29,-1.15,1.02,12.48,1,10.4,3.12,0,0,0,0,0,0,0,0,5.2,0,10.4,0,0,0,0,ng,Texas,3.613,4.5851,0.0004,0,12
177,4195,138.74,12.56,135.9,-29.64,1.02,320.4,1,267.0,80.1,0,0,0,0,0,0,0,0,120.08,0,267.0,0,0,0,0,ng,Texas,3.613,4.9289,0.0004,0,12
178,4195,158.16,12.56,135.9,-29.64,1.02,320.4,1,267.0,80.1,0,0,0,0,0,0,0,0,120.08,0,267.0,0,0,0,0,ng,Texas,3.613,4.9289,0.0004,0,12
179,4195,158.16,12.56,135.9,-29.64,1.02,320.4,1,267.0,80.1,0,0,0,0,0,0,0,0,120.08,0,267.0,0,0,0,0,ng,Texas,3.613,4.9289,0.0004,0,12
180,4195,183.5,12.56,93.54,-20.4,1.02,220.52,1,183.77,55.13,0,0,0,0,0,0,0,0,91.89,0,183.77,0,0,0,0,ng,Texas,3.613,4.8174,0.0004,0,12
181,4195,183.5,12.56,93.54,-20.4,1.02,220.52,1,183.77,55.13,0,0,0,0,0,0,0,0,91.89,0,183.77,0,0,0,0,ng,Texas,3.613,4.8174,0.0004,0,12
182,4195,151.2,42.94,42.94,-29.03,1.02,241.92,1,201.6,0.0,0,0,0,0,0,0,0,0,0.0,0,201.6,0,0,0,0,wind,Texas,0.0,0.0,0.0,0,12
183,4195,69.0,-13.25,19.6,-13.25,1.0,110.4,1,92.0,0.0,0,0,0,0,0,0,0,0,0.0,0,92.0,0,0,0,0,wind,Texas,0.0,0.0,0.0,0,12
184,5018,90.0,-17.28,25.56,-17.28,1.0,144.0,1,120.0,0.0,0,0,0,0,0,0,0,0,0.0,0,120.0,0,0,0,0,wind,Texas,0.0,0.0,0.0,0,14
185,5021,0.0,0.0,2.44,-0.53,1.04,5.76,0,4.8,1.44,0,0,0,0,0,0,0,0,2.4,0,4.8,0,0,0,0,ng,Texas,3.487,4.5776,0.0004,0,15
186,5033,0.0,0.0,2.14,-0.47,1.02,5.04,0,4.2,1.26,0,0,0,0,0,0,0,0,2.1,0,4.2,0,0,0,0,ng,Texas,3.316,4.5768,0.0004,0,16
187,5033,0.0,0.0,3.26,-0.71,1.02,7.68,0,6.4,1.92,0,0,0,0,0,0,0,0,3.2,0,6.4,0,0,0,0,ng,Texas,3.316,4.5797,0.0004,0,16
188,5033,96.35,16.88,157.01,-34.24,1.02,370.16,1,308.47,92.54,0,0,0,0,0,0,0,0,129.14,0,308.47,0,0,0,0,ng,Texas,3.316,4.9845,0.0004,0,16
189,5033,96.35,16.55,157.01,-34.24,1.02,370.16,1,308.47,92.54,0,0,0,0,0,0,0,0,129.14,0,308.47,0,0,0,0,ng,Texas,3.316,4.9845,0.0004,0,16
190,5033,96.35,37.47,157.01,-34.24,1.02,370.16,1,308.47,92.54,0,0,0,0,0,0,0,0,129.14,0,308.47,0,0,0,0,ng,Texas,3.316,4.9845,0.0004,0,16
191,5033,96.35,11.89,157.01,-34.24,1.02,370.16,1,308.47,92.54,0,0,0,0,0,0,0,0,129.14,0,308.47,0,0,0,0,ng,Texas,3.316,4.9845,0.0004,0,16
192,5033,96.35,17.4,157.01,-34.24,1.02,370.16,1,308.47,92.54,0,0,0,0,0,0,0,0,129.14,0,308.47,0,0,0,0,ng,Texas,3.316,4.9845,0.0004,0,16
193,5033,96.35,15.52,157.01,-34.24,1.02,370.16,1,308.47,92.54,0,0,0,0,0,0,0,0,129.14,0,308.47,0,0,0,0,ng,Texas,3.316,4.9845,0.0004,0,16
194,5049,84.58,35.75,43.11,-9.4,1.02,101.64,1,84.7,25.41,0,0,0,0,0,0,0,0,42.35,0,84.7,0,0,0,0,ng,Texas,3.628,4.6846,0.0004,0,19
195,5055,0.0,0.0,161.53,-35.23,1.0,380.82,0,317.35,95.2,0,0,0,0,0,0,0,0,130.74,0,317.35,0,0,0,0,ng,Texas,3.487,5.0,0.0004,0,20
196,5055,253.85,-35.23,161.53,-35.23,1.0,380.82,1,317.35,95.2,0,0,0,0,0,0,0,0,130.74,0,317.35,0,0,0,0,ng,Texas,3.487,4.9964,0.0004,0,20
197,5063,10.58,5.4,5.4,-1.18,1.03,12.72,1,10.6,3.18,0,0,0,0,0,0,0,0,5.3,0,10.6,0,0,0,0,ng,Texas,3.487,4.5853,0.0004,0,21
198,5063,0.0,0.0,0.92,-0.2,1.03,2.16,0,1.8,0.54,0,0,0,0,0,0,0,0,0.9,0,1.8,0,0,0,0,ng,Texas,3.487,4.5736,0.0004,0,21
199,5063,437.62,106.81,223.08,-48.65,1.03,525.92,1,438.27,131.48,0,0,0,0,0,0,0,0,140.82,0,438.27,0,0,0,0,ng,Texas,3.487,5.1584,0.0004,0,21
200,5063,437.62,100.32,223.08,-48.65,1.03,525.92,1,438.27,131.48,0,0,0,0,0,0,0,0,140.82,0,438.27,0,0,0,0,ng,Texas,3.487,5.1584,0.0004,0,21
201,5063,437.62,94.11,223.08,-48.65,1.03,525.92,1,438.27,131.48,0,0,0,0,0,0,0,0,140.82,0,438.27,0,0,0,0,ng,Texas,3.487,5.1584,0.0004,0,21
202,5388,0.0,0.0,0.0,0.0,1.0,50.0,1,48.0,0.0,0,0,0,0,0,0,0,0,0.0,0,0.0,0,0,0,0,hydro,Texas,3.975,4.7027,0.0004,0,45
203,5388,0.0,0.0,47.57,-2.05,1.01,50.16,0,123.9,0.0,0,0,0,0,0,0,0,0,61.95,0,41.8,0,0,0,0,ng,Texas,0.0,0.0,0.0,0,45
204,5464,0.0,0.0,5.03,-1.32,1.04,12.96,0,10.8,3.24,0,0,0,0,0,0,0,0,4.32,0,10.8,0,0,0,0,coal,Texas,2.241,8.0169,0.0008,0,53
205,5464,0.0,0.0,2.66,-0.7,1.04,6.84,0,5.7,1.71,0,0,0,0,0,0,0,0,2.28,0,5.7,0,0,0,0,coal,Texas,2.241,8.0169,0.0008,0,53
206,5164,126.31,64.39,64.39,-14.04,1.04,151.8,1,126.5,37.95,0,0,0,0,0,0,0,0,63.25,0,126.5,0,0,0,0,ng,Texas,3.487,4.7406,0.0004,0,27
207,5164,1.6,0.81,0.81,-0.18,1.04,1.92,1,1.6,0.48,0,0,0,0,0,0,0,0,0.8,0,1.6,0,0,0,0,ng,Texas,3.487,4.5733,0.0004,0,27
208,5413,45.0,-8.64,12.78,-8.64,1.0,72.0,1,60.0,0.0,0,0,0,0,0,0,0,0,0.0,0,60.0,0,0,0,0,wind,Texas,0.0,0.0,0.0,0,49
209,5196,112.5,-21.6,31.95,-21.6,1.0,180.0,1,150.0,0.0,0,0,0,0,0,0,0,0,0.0,0,150.0,0,0,0,0,wind,Texas,0.0,0.0,0.0,0,30
210,5204,209.21,9.89,126.57,-27.6,1.01,298.4,1,248.67,74.6,0,0,0,0,0,0,0,0,115.26,0,248.67,0,0,0,0,ng,Texas,3.487,4.9043,0.0004,0,31
211,5204,182.11,15.95,126.57,-27.6,1.01,298.4,1,248.67,74.6,0,0,0,0,0,0,0,0,115.26,0,248.67,0,0,0,0,ng,Texas,3.487,4.9043,0.0004,0,31
212,5204,182.11,13.07,126.57,-27.6,1.01,298.4,1,248.67,74.6,0,0,0,0,0,0,0,0,115.26,0,248.67,0,0,0,0,ng,Texas,3.487,4.9043,0.0004,0,31
213,5236,168.75,-32.4,47.93,-32.4,1.0,270.0,1,225.0,0.0,0,0,0,0,0,0,0,0,0.0,0,225.0,0,0,0,0,wind,Texas,0.0,0.0,0.0,0,32
214,5239,112.5,-21.6,31.95,-21.6,1.0,180.0,1,150.0,0.0,0,0,0,0,0,0,0,0,0.0,0,150.0,0,0,0,0,wind,Texas,0.0,0.0,0.0,0,33
215,5260,1213.21,-13.0,447.12,-99.63,1.01,1458.0,1,1215.0,1154.25,0,0,0,0,0,0,0,0,0.0,0,1215.0,0,0,0,0,nuclear,Texas,1.0,6.9751,0.0002,0,34
216,5260,1034.26,-45.3,447.12,-99.63,1.01,1458.0,1,1215.0,1154.25,0,0,0,0,0,0,0,0,0.0,0,1215.0,0,0,0,0,nuclear,Texas,1.0,8.11,0.0002,0,34
217,5279,267.34,-29.72,136.28,-29.72,1.0,321.28,1,267.73,80.32,0,0,0,0,0,0,0,0,120.26,0,267.73,0,0,0,0,ng,Texas,3.975,4.9299,0.0004,0,35
218,5279,267.34,-29.72,136.28,-29.72,1.0,321.28,1,267.73,80.32,0,0,0,0,0,0,0,0,120.26,0,267.73,0,0,0,0,ng,Texas,3.975,4.9299,0.0004,0,35
219,5279,0.0,0.0,136.28,-29.72,1.0,321.28,0,267.73,80.32,0,0,0,0,0,0,0,0,120.26,0,267.73,0,0,0,0,ng,Texas,3.975,4.9299,0.0004,0,35
220,5295,0.0,0.0,1.63,-0.36,1.04,3.84,0,3.2,0.96,0,0,0,0,0,0,0,0,1.6,0,3.2,0,0,0,0,ng,Texas,3.628,4.5754,0.0004,0,36
221,5295,114.83,58.53,58.53,-12.76,1.04,138.0,1,115.0,34.5,0,0,0,0,0,0,0,0,57.5,0,115.0,0,0,0,0,ng,Texas,3.628,4.7252,0.0004,0,36
222,5295,114.83,58.53,58.53,-12.76,1.04,138.0,1,115.0,34.5,0,0,0,0,0,0,0,0,57.5,0,115.0,0,0,0,0,ng,Texas,3.628,4.7252,0.0004,0,36
223,5295,114.83,58.53,58.53,-12.76,1.04,138.0,1,115.0,34.5,0,0,0,0,0,0,0,0,57.5,0,115.0,0,0,0,0,ng,Texas,3.628,4.7252,0.0004,0,36
224,5295,82.58,42.09,42.09,-9.18,1.04,99.24,1,82.7,24.81,0,0,0,0,0,0,0,0,41.35,0,82.7,0,0,0,0,ng,Texas,3.628,4.682,0.0004,0,36
225,5295,463.07,116.59,236.05,-51.48,1.04,556.5,1,463.75,139.13,0,0,0,0,0,0,0,0,140.14,0,463.75,0,0,0,0,ng,Texas,3.628,5.1925,0.0004,0,36
226,5295,463.07,150.38,236.05,-51.48,1.04,556.5,1,463.75,139.13,0,0,0,0,0,0,0,0,140.14,0,463.75,0,0,0,0,ng,Texas,3.628,5.1925,0.0004,0,36
227,5317,82.08,-18.34,133.77,-29.17,1.01,315.36,1,262.8,78.84,0,0,0,0,0,0,0,0,119.02,0,262.8,0,0,0,0,ng,Texas,3.975,4.9233,0.0004,0,38
228,5317,0.0,0.0,133.77,-29.17,1.01,315.36,0,262.8,78.84,0,0,0,0,0,0,0,0,119.02,0,262.8,0,0,0,0,ng,Texas,3.975,4.9233,0.0004,0,38
229,5317,82.08,-19.32,133.77,-29.17,1.01,315.36,1,262.8,78.84,0,0,0,0,0,0,0,0,119.02,0,262.8,0,0,0,0,ng,Texas,3.975,4.9233,0.0004,0,38
230,5322,283.65,98.39,144.59,-31.53,1.04,340.88,1,284.07,85.22,0,0,0,0,0,0,0,0,124.12,0,284.07,0,0,0,0,ng,Texas,3.316,4.9518,0.0004,0,39
231,5322,283.65,100.45,144.59,-31.53,1.04,340.88,1,284.07,85.22,0,0,0,0,0,0,0,0,124.12,0,284.07,0,0,0,0,ng,Texas,3.316,4.9518,0.0004,0,39
232,5322,283.65,144.59,144.59,-31.53,1.04,340.88,1,284.07,85.22,0,0,0,0,0,0,0,0,124.12,0,284.07,0,0,0,0,ng,Texas,3.316,4.9518,0.0004,0,39
233,5464,8.4,3.2,3.2,-0.14,1.04,3.36,1,3.6,0.0,0,0,0,0,0,0,0,0,0.0,0,2.8,0,0,0,0,hydro,Texas,0.0,0.0,0.0,0,53
234,5464,207.5,44.35,79.67,-3.43,1.04,84.0,1,207.5,0.0,0,0,0,0,0,0,0,0,102.58,0,70.0,0,0,0,0,ng,Texas,0.0,0.0,0.0,0,53
235,5358,1006.51,-64.49,469.73,-122.98,1.01,1209.6,1,1008.0,302.4,0,0,0,0,0,0,0,0,233.52,0,1008.0,0,0,0,0,coal,Texas,2.329,8.0169,0.0008,0,41
236,5361,10.38,-1.15,5.29,-1.15,1.0,12.48,1,10.4,3.12,0,0,0,0,0,0,0,0,5.2,0,10.4,0,0,0,0,ng,Texas,3.487,4.5851,0.0004,0,42
237,5361,213.02,-23.68,108.59,-23.68,1.0,256.0,1,213.33,64.0,0,0,0,0,0,0,0,0,104.53,0,213.33,0,0,0,0,ng,Texas,3.487,4.857,0.0004,0,42
238,5361,213.02,-23.68,108.59,-23.68,1.0,256.0,1,213.33,64.0,0,0,0,0,0,0,0,0,104.53,0,213.33,0,0,0,0,ng,Texas,3.487,4.857,0.0004,0,42
239,5361,213.02,-23.68,108.59,-23.68,1.0,256.0,1,213.33,64.0,0,0,0,0,0,0,0,0,104.53,0,213.33,0,0,0,0,ng,Texas,3.487,4.857,0.0004,0,42
240,5361,213.02,-23.68,108.59,-23.68,1.0,256.0,1,213.33,64.0,0,0,0,0,0,0,0,0,104.53,0,213.33,0,0,0,0,ng,Texas,3.487,4.857,0.0004,0,42
241,5361,213.02,-23.68,108.59,-23.68,1.0,256.0,1,213.33,64.0,0,0,0,0,0,0,0,0,104.53,0,213.33,0,0,0,0,ng,Texas,3.487,4.857,0.0004,0,42
242,5361,213.02,-23.68,108.59,-23.68,1.0,256.0,1,213.33,64.0,0,0,0,0,0,0,0,0,104.53,0,213.33,0,0,0,0,ng,Texas,3.487,4.857,0.0004,0,42
243,5380,65.28,106.38,106.38,-23.2,1.04,250.8,1,209.0,62.7,0,0,0,0,0,0,0,0,103.09,0,209.0,0,0,0,0,ng,Texas,3.316,4.8512,0.0004,0,43
244,5380,65.28,106.38,106.38,-23.2,1.04,250.8,1,209.0,62.7,0,0,0,0,0,0,0,0,103.09,0,209.0,0,0,0,0,ng,Texas,3.316,4.8512,0.0004,0,43
245,5394,124.2,35.27,35.27,-23.85,1.04,198.72,1,165.6,0.0,0,0,0,0,0,0,0,0,0.0,0,165.6,0,0,0,0,wind,Texas,0.0,0.0,0.0,0,46
246,5401,89.27,45.5,45.5,-9.92,1.03,107.28,1,89.4,26.82,0,0,0,0,0,0,0,0,44.7,0,89.4,0,0,0,0,ng,Texas,3.487,4.6909,0.0004,0,47
247,5401,77.99,45.5,45.5,-9.92,1.03,107.28,1,89.4,26.82,0,0,0,0,0,0,0,0,44.7,0,89.4,0,0,0,0,ng,Texas,3.487,4.6909,0.0004,0,47
248,5401,85.53,45.5,45.5,-9.92,1.03,107.28,1,89.4,26.82,0,0,0,0,0,0,0,0,44.7,0,89.4,0,0,0,0,ng,Texas,3.487,4.6909,0.0004,0,47
249,5401,89.27,45.5,45.5,-9.92,1.03,107.28,1,89.4,26.82,0,0,0,0,0,0,0,0,44.7,0,89.4,0,0,0,0,ng,Texas,3.487,4.6909,0.0004,0,47
250,5413,121.82,-13.54,62.1,-13.54,1.0,146.4,1,122.0,36.6,0,0,0,0,0,0,0,0,61.0,0,122.0,0,0,0,0,ng,Texas,3.487,4.7346,0.0004,0,49
251,5413,121.82,-13.54,62.1,-13.54,1.0,146.4,1,122.0,36.6,0,0,0,0,0,0,0,0,61.0,0,122.0,0,0,0,0,ng,Texas,3.487,4.7346,0.0004,0,49
252,5413,121.82,-13.54,62.1,-13.54,1.0,146.4,1,122.0,36.6,0,0,0,0,0,0,0,0,61.0,0,122.0,0,0,0,0,ng,Texas,3.487,4.7346,0.0004,0,49
253,5413,118.62,-13.19,60.47,-13.19,1.0,142.56,1,118.8,35.64,0,0,0,0,0,0,0,0,59.4,0,118.8,0,0,0,0,ng,Texas,3.487,4.7303,0.0004,0,49
254,5413,118.62,-13.19,60.47,-13.19,1.0,142.56,1,118.8,35.64,0,0,0,0,0,0,0,0,59.4,0,118.8,0,0,0,0,ng,Texas,3.487,4.7303,0.0004,0,49
255,5464,12.38,-1.38,6.31,-1.38,1.0,14.88,1,12.4,3.72,0,0,0,0,0,0,0,0,6.2,0,12.4,0,0,0,0,ng,Texas,3.487,4.5878,0.0004,0,53
256,5464,0.0,0.0,1.63,-0.36,1.0,3.84,0,3.2,0.96,0,0,0,0,0,0,0,0,1.6,0,3.2,0,0,0,0,ng,Texas,3.487,4.5754,0.0004,0,53
257,5444,0.0,0.0,147.1,-32.08,1.01,346.8,0,289.0,86.7,0,0,0,0,0,0,0,0,125.21,0,289.0,0,0,0,0,ng,Texas,3.975,4.9584,0.0004,0,50
258,5444,0.0,0.0,147.1,-32.08,1.01,346.8,0,289.0,86.7,0,0,0,0,0,0,0,0,125.21,0,289.0,0,0,0,0,ng,Texas,3.975,4.9584,0.0004,0,50
259,5444,0.0,0.0,147.1,-32.08,1.01,346.8,0,289.0,86.7,0,0,0,0,0,0,0,0,125.21,0,289.0,0,0,0,0,ng,Texas,3.975,4.9584,0.0004,0,50
260,5444,288.57,-32.08,147.1,-32.08,1.01,346.8,1,289.0,86.7,0,0,0,0,0,0,0,0,125.21,0,289.0,0,0,0,0,ng,Texas,3.975,4.9584,0.0004,0,50
261,5444,288.57,-32.08,147.1,-32.08,1.01,346.8,1,289.0,86.7,0,0,0,0,0,0,0,0,125.21,0,289.0,0,0,0,0,ng,Texas,3.975,4.9584,0.0004,0,50
262,5444,0.0,0.0,147.1,-32.08,1.01,346.8,0,289.0,86.7,0,0,0,0,0,0,0,0,125.21,0,289.0,0,0,0,0,ng,Texas,3.975,4.9584,0.0004,0,50
263,5444,141.09,-15.68,71.92,-15.68,1.01,169.56,1,141.3,42.39,0,0,0,0,0,0,0,0,70.65,0,141.3,0,0,0,0,ng,Texas,3.975,4.7605,0.0004,0,50
264,5444,141.09,-15.68,71.92,-15.68,1.01,169.56,1,141.3,42.39,0,0,0,0,0,0,0,0,70.65,0,141.3,0,0,0,0,ng,Texas,3.975,4.7605,0.0004,0,50
265,6003,212.69,53.6,108.42,-23.64,1.04,255.6,1,213.0,63.9,0,0,0,0,0,0,0,0,104.42,0,213.0,0,0,0,0,ng,Texas,3.623,4.8565,0.0004,0,55
266,6003,0.0,0.0,216.83,-47.29,1.04,511.2,0,426.0,127.8,0,0,0,0,0,0,0,0,140.79,0,426.0,0,0,0,0,ng,Texas,3.623,5.142,0.0004,0,55
267,6003,198.04,47.36,100.95,-22.01,1.04,238.0,1,198.33,59.5,0,0,0,0,0,0,0,0,99.17,0,198.33,0,0,0,0,ng,Texas,3.623,4.8369,0.0004,0,55
268,6003,198.04,29.99,100.95,-22.01,1.04,238.0,1,198.33,59.5,0,0,0,0,0,0,0,0,99.17,0,198.33,0,0,0,0,ng,Texas,3.623,4.8369,0.0004,0,55
269,6003,198.04,39.7,100.95,-22.01,1.04,238.0,1,198.33,59.5,0,0,0,0,0,0,0,0,99.17,0,198.33,0,0,0,0,ng,Texas,3.623,4.8369,0.0004,0,55
270,6038,0.0,20.48,20.48,-0.88,1.04,21.6,1,17.0,0.0,0,0,0,0,0,0,0,0,0.0,0,18.0,0,0,0,0,hydro,Texas,0.0,0.0,0.0,0,58
271,6038,0.0,34.46,122.91,-5.29,1.04,129.6,1,320.2,0.0,0,0,0,0,0,0,0,0,131.23,0,108.0,0,0,0,0,ng,Texas,0.0,0.0,0.0,0,58
272,6045,0.0,0.0,1.73,-0.38,1.04,4.08,0,3.4,1.02,0,0,0,0,0,0,0,0,1.7,0,3.4,0,0,0,0,ng,Texas,3.363,4.5757,0.0004,0,59
273,6045,0.0,0.0,4.89,-1.07,1.04,11.52,0,9.6,2.88,0,0,0,0,0,0,0,0,4.8,0,9.6,0,0,0,0,ng,Texas,3.363,4.584,0.0004,0,59
274,6045,0.0,0.0,2.24,-0.49,1.04,5.28,0,4.4,1.32,0,0,0,0,0,0,0,0,2.2,0,4.4,0,0,0,0,ng,Texas,3.363,4.577,0.0004,0,59
275,6045,57.32,29.22,29.22,-6.37,1.04,68.88,1,57.4,17.22,0,0,0,0,0,0,0,0,28.7,0,57.4,0,0,0,0,ng,Texas,3.363,4.6481,0.0004,0,59
276,6045,0.0,0.0,29.22,-6.37,1.04,68.88,0,57.4,17.22,0,0,0,0,0,0,0,0,28.7,0,57.4,0,0,0,0,ng,Texas,3.363,4.6481,0.0004,0,59
277,6045,57.32,29.22,29.22,-6.37,1.04,68.88,1,57.4,17.22,0,0,0,0,0,0,0,0,28.7,0,57.4,0,0,0,0,ng,Texas,3.363,4.6481,0.0004,0,59
278,6045,57.32,24.27,29.22,-6.37,1.04,68.88,1,57.4,17.22,0,0,0,0,0,0,0,0,28.7,0,57.4,0,0,0,0,ng,Texas,3.363,4.6481,0.0004,0,59
279,6066,125.35,23.91,92.32,-20.13,1.03,217.64,1,181.37,54.41,0,0,0,0,0,0,0,0,90.69,0,181.37,0,0,0,0,ng,Texas,3.623,4.8142,0.0004,0,62
280,6066,132.82,10.94,92.32,-20.13,1.03,217.64,1,181.37,54.41,0,0,0,0,0,0,0,0,90.69,0,181.37,0,0,0,0,ng,Texas,3.623,4.8142,0.0004,0,62
281,6066,107.43,31.06,92.32,-20.13,1.03,217.64,1,181.37,54.41,0,0,0,0,0,0,0,0,90.69,0,181.37,0,0,0,0,ng,Texas,3.623,4.8142,0.0004,0,62
282,6066,0.0,0.0,92.32,-20.13,1.03,217.64,0,181.37,54.41,0,0,0,0,0,0,0,0,90.69,0,181.37,0,0,0,0,ng,Texas,3.623,4.8142,0.0004,0,62
283,6066,132.82,18.29,92.32,-20.13,1.03,217.64,1,181.37,54.41,0,0,0,0,0,0,0,0,90.69,0,181.37,0,0,0,0,ng,Texas,3.623,4.8142,0.0004,0,62
284,6066,132.82,17.59,92.32,-20.13,1.03,217.64,1,181.37,54.41,0,0,0,0,0,0,0,0,90.69,0,181.37,0,0,0,0,ng,Texas,3.623,4.8142,0.0004,0,62
285,6075,482.07,-68.73,262.51,-68.73,1.0,676.0,1,563.33,169.0,0,0,0,0,0,0,0,0,182.69,0,563.33,0,0,0,0,coal,Texas,2.195,8.0169,0.0008,0,63
286,6075,333.68,-68.73,262.51,-68.73,1.0,676.0,1,563.33,169.0,0,0,0,0,0,0,0,0,182.69,0,563.33,0,0,0,0,coal,Texas,2.195,8.0169,0.0008,0,63
287,6075,333.68,-68.73,262.51,-68.73,1.0,676.0,1,563.33,169.0,0,0,0,0,0,0,0,0,182.69,0,563.33,0,0,0,0,coal,Texas,2.195,8.0169,0.0008,0,63
288,6210,41.37,12.07,25.04,-1.08,1.04,26.4,1,65.3,0.0,0,0,0,0,0,0,0,0,0.0,0,22.0,0,0,0,0,hydro,Texas,0.0,0.0,0.0,0,71
289,6210,65.3,9.55,25.04,-1.08,1.04,26.4,1,65.3,0.0,0,0,0,0,0,0,0,0,0.0,0,22.0,0,0,0,0,hydro,Texas,0.0,0.0,0.0,0,71
290,6342,1.05,0.0,0.0,0.0,1.04,1.68,1,1.4,0.0,0,0,0,0,0,0,0,0,0.0,0,1.4,0,0,0,0,solar,Texas,0.0,0.0,0.0,0,79
291,6342,22.5,0.0,0.0,0.0,1.04,36.0,1,30.0,0.0,0,0,0,0,0,0,0,0,0.0,0,30.0,0,0,0,0,solar,Texas,0.0,0.0,0.0,0,79
292,6342,0.0,0.0,0.0,0.0,1.04,6.6,0,5.5,0.0,0,0,0,0,0,0,0,0,0.0,0,5.5,0,0,0,0,solar,Texas,0.0,0.0,0.0,0,79
293,6342,7.95,0.0,0.0,0.0,1.04,12.72,1,10.6,0.0,0,0,0,0,0,0,0,0,0.0,0,10.6,0,0,0,0,solar,Texas,0.0,0.0,0.0,0,79
294,6342,10.42,0.0,0.0,0.0,1.04,16.68,1,13.9,0.0,0,0,0,0,0,0,0,0,0.0,0,13.9,0,0,0,0,solar,Texas,0.0,0.0,0.0,0,79
295,6342,30.52,0.0,0.0,0.0,1.04,48.84,1,40.7,0.0,0,0,0,0,0,0,0,0,0.0,0,40.7,0,0,0,0,solar,Texas,0.0,0.0,0.0,0,79
296,6101,60.41,30.79,30.79,-6.72,1.04,72.6,1,60.5,18.15,0,0,0,0,0,0,0,0,30.25,0,60.5,0,0,0,0,ng,Texas,3.623,4.6522,0.0004,0,64
297,6101,60.41,30.79,30.79,-6.72,1.04,72.6,1,60.5,18.15,0,0,0,0,0,0,0,0,30.25,0,60.5,0,0,0,0,ng,Texas,3.623,4.6522,0.0004,0,64
298,6101,120.82,61.59,61.59,-13.43,1.04,145.2,1,121.0,36.3,0,0,0,0,0,0,0,0,60.5,0,121.0,0,0,0,0,ng,Texas,3.623,4.7333,0.0004,0,64
299,6107,306.17,64.21,275.22,-72.05,1.04,708.72,1,590.6,177.18,0,0,0,0,0,0,0,0,188.18,0,590.6,0,0,0,0,coal,Texas,2.195,8.0169,0.0008,0,65
300,6107,299.22,64.9,308.26,-80.7,1.04,793.8,1,661.5,198.45,0,0,0,0,0,0,0,0,201.0,0,661.5,0,0,0,0,coal,Texas,2.195,8.0169,0.0008,0,65
301,6141,0.0,0.0,4.28,-0.93,1.03,10.08,0,8.4,2.52,0,0,0,0,0,0,0,0,4.2,0,8.4,0,0,0,0,ng,Texas,3.363,4.5824,0.0004,0,67
302,6141,326.62,22.12,227.01,-49.51,1.03,535.2,1,446.0,133.8,0,0,0,0,0,0,0,0,140.71,0,446.0,0,0,0,0,ng,Texas,3.363,5.1688,0.0004,0,67
303,6141,326.62,22.86,227.01,-49.51,1.03,535.2,1,446.0,133.8,0,0,0,0,0,0,0,0,140.71,0,446.0,0,0,0,0,ng,Texas,3.363,5.1688,0.0004,0,67
304,6141,291.1,23.68,474.39,-103.45,1.03,1118.4,1,932.0,279.6,0,0,0,0,0,0,0,0,186.4,0,932.0,0,0,0,0,ng,Texas,3.363,5.82,0.0004,0,67
305,6141,0.0,0.0,367.5,-80.14,1.03,866.4,0,722.0,216.6,0,0,0,0,0,0,0,0,144.4,0,722.0,0,0,0,0,ng,Texas,3.363,5.5386,0.0004,0,67
306,6141,225.51,67.31,367.5,-80.14,1.03,866.4,1,722.0,216.6,0,0,0,0,0,0,0,0,144.4,0,722.0,0,0,0,0,ng,Texas,3.363,5.5386,0.0004,0,67
307,6161,0.0,0.0,0.0,0.0,1.0,30.0,1,22.1,0.0,0,0,0,0,0,0,0,0,0.0,0,0.0,0,0,0,0,hydro,Texas,3.975,4.7027,0.0004,0,68
308,6161,73.42,23.32,119.64,-26.09,1.03,282.06,1,235.05,70.52,0,0,0,0,0,0,0,0,111.35,0,235.05,0,0,0,0,ng,Texas,3.623,4.8861,0.0004,0,68
309,6161,73.42,20.54,119.64,-26.09,1.03,282.06,1,235.05,70.52,0,0,0,0,0,0,0,0,111.35,0,235.05,0,0,0,0,ng,Texas,3.623,4.8861,0.0004,0,68
310,6161,73.42,50.05,119.64,-26.09,1.03,282.06,1,235.05,70.52,0,0,0,0,0,0,0,0,111.35,0,235.05,0,0,0,0,ng,Texas,3.623,4.8861,0.0004,0,68
311,6161,73.42,26.61,119.64,-26.09,1.03,282.06,1,235.05,70.52,0,0,0,0,0,0,0,0,111.35,0,235.05,0,0,0,0,ng,Texas,3.623,4.8861,0.0004,0,68
312,6210,177.9,11.11,68.29,-2.94,1.04,72.0,1,69.4,0.0,0,0,0,0,0,0,0,0,0.0,0,60.0,0,0,0,0,hydro,Texas,0.0,0.0,0.0,0,71
313,6210,552.3,41.91,212.06,-9.13,1.04,223.6,1,552.3,0.0,0,0,0,0,0,0,0,0,130.22,0,186.33,0,0,0,0,ng,Texas,0.0,0.0,0.0,0,71
314,6210,552.3,47.41,212.06,-9.13,1.04,223.6,1,552.3,0.0,0,0,0,0,0,0,0,0,130.22,0,186.33,0,0,0,0,ng,Texas,0.0,0.0,0.0,0,71
315,6210,552.3,35.4,212.06,-9.13,1.04,223.6,1,552.3,0.0,0,0,0,0,0,0,0,0,130.22,0,186.33,0,0,0,0,ng,Texas,0.0,0.0,0.0,0,71
316,6239,60.91,14.87,31.05,-6.77,1.04,73.2,1,61.0,18.3,0,0,0,0,0,0,0,0,30.5,0,61.0,0,0,0,0,ng,Texas,3.363,4.6529,0.0004,0,74
317,6239,182.73,36.25,93.15,-20.31,1.04,219.6,1,183.0,54.9,0,0,0,0,0,0,0,0,91.5,0,183.0,0,0,0,0,ng,Texas,3.363,4.8164,0.0004,0,74
318,6239,297.56,44.33,151.68,-33.08,1.04,357.6,1,298.0,89.4,0,0,0,0,0,0,0,0,127.1,0,298.0,0,0,0,0,ng,Texas,3.363,4.9704,0.0004,0,74
319,6239,297.56,50.83,151.68,-33.08,1.04,357.6,1,298.0,89.4,0,0,0,0,0,0,0,0,127.1,0,298.0,0,0,0,0,ng,Texas,3.363,4.9704,0.0004,0,74
320,6239,297.56,94.93,151.68,-33.08,1.04,357.6,1,298.0,89.4,0,0,0,0,0,0,0,0,127.1,0,298.0,0,0,0,0,ng,Texas,3.363,4.9704,0.0004,0,74
321,6239,183.06,77.62,93.32,-20.35,1.04,220.0,1,183.33,55.0,0,0,0,0,0,0,0,0,91.67,0,183.33,0,0,0,0,ng,Texas,3.363,4.8168,0.0004,0,74
322,6239,183.06,40.11,93.32,-20.35,1.04,220.0,1,183.33,55.0,0,0,0,0,0,0,0,0,91.67,0,183.33,0,0,0,0,ng,Texas,3.363,4.8168,0.0004,0,74
323,6239,183.06,27.74,93.32,-20.35,1.04,220.0,1,183.33,55.0,0,0,0,0,0,0,0,0,91.67,0,183.33,0,0,0,0,ng,Texas,3.363,4.8168,0.0004,0,74
324,6254,60.59,-21.53,98.75,-21.53,1.02,232.8,1,194.0,58.2,0,0,0,0,0,0,0,0,97.0,0,194.0,0,0,0,0,ng,Texas,3.623,4.8311,0.0004,0,75
325,6254,108.6,-21.53,98.75,-21.53,1.02,232.8,1,194.0,58.2,0,0,0,0,0,0,0,0,97.0,0,194.0,0,0,0,0,ng,Texas,3.623,4.8311,0.0004,0,75
326,6254,0.0,0.0,26.16,-5.71,1.02,61.68,0,51.4,15.42,0,0,0,0,0,0,0,0,25.7,0,51.4,0,0,0,0,ng,Texas,3.623,4.64,0.0004,0,75
327,6254,80.27,-28.53,130.81,-28.53,1.02,308.4,1,257.0,77.1,0,0,0,0,0,0,0,0,117.51,0,257.0,0,0,0,0,ng,Texas,3.623,4.9155,0.0004,0,75
328,7406,4.5,1.72,1.72,-0.07,1.04,1.8,1,0.0,0.0,0,0,0,0,0,0,0,0,0.0,0,1.5,0,0,0,0,hydro,Texas,0.0,0.0,0.0,0,107
329,7406,7.2,2.73,2.73,-0.12,1.04,2.88,1,0.0,0.0,0,0,0,0,0,0,0,0,0.0,0,2.4,0,0,0,0,hydro,Texas,0.0,0.0,0.0,0,107
330,7406,4.5,1.72,1.72,-0.07,1.04,1.8,1,0.0,0.0,0,0,0,0,0,0,0,0,0.0,0,1.5,0,0,0,0,hydro,Texas,0.0,0.0,0.0,0,107
331,7406,7.2,2.73,2.73,-0.12,1.04,2.88,1,0.0,0.0,0,0,0,0,0,0,0,0,0.0,0,2.4,0,0,0,0,hydro,Texas,0.0,0.0,0.0,0,107
332,7406,0.0,0.0,6.82,-0.29,1.04,7.2,0,0.0,0.0,0,0,0,0,0,0,0,0,0.0,0,6.0,0,0,0,0,hydro,Texas,0.0,0.0,0.0,0,107
333,7406,0.0,0.0,4.09,-0.18,1.04,4.32,0,0.0,0.0,0,0,0,0,0,0,0,0,0.0,0,3.6,0,0,0,0,hydro,Texas,0.0,0.0,0.0,0,107
334,7406,0.0,0.0,2.73,-0.12,1.04,2.88,0,0.0,0.0,0,0,0,0,0,0,0,0,0.0,0,2.4,0,0,0,0,hydro,Texas,0.0,0.0,0.0,0,107
335,7406,0.0,0.0,2.73,-0.12,1.04,2.88,0,0.0,0.0,0,0,0,0,0,0,0,0,0.0,0,2.4,0,0,0,0,hydro,Texas,0.0,0.0,0.0,0,107
336,7406,8.4,3.2,3.2,-0.14,1.04,3.36,1,0.0,0.0,0,0,0,0,0,0,0,0,0.0,0,2.8,0,0,0,0,hydro,Texas,0.0,0.0,0.0,0,107
337,6292,64.42,-22.89,104.97,-22.89,1.02,247.48,1,206.23,61.87,0,0,0,0,0,0,0,0,102.15,0,206.23,0,0,0,0,ng,Texas,3.623,4.8475,0.0004,0,76
338,6292,64.42,-22.89,104.97,-22.89,1.02,247.48,1,206.23,61.87,0,0,0,0,0,0,0,0,102.15,0,206.23,0,0,0,0,ng,Texas,3.623,4.8475,0.0004,0,76
339,6292,64.45,-22.89,104.97,-22.89,1.02,247.48,1,206.23,61.9,0,0,0,0,0,0,0,0,102.15,0,206.23,0,0,0,0,ng,Texas,3.623,4.8475,0.0004,0,76
340,6298,0.0,0.0,1.63,-0.36,1.0,3.84,0,3.2,0.96,0,0,0,0,0,0,0,0,1.6,0,3.2,0,0,0,0,ng,Texas,3.623,4.5754,0.0004,0,77
341,6298,246.89,-27.44,125.85,-27.44,1.0,296.7,1,247.25,74.18,0,0,0,0,0,0,0,0,114.86,0,247.25,0,0,0,0,ng,Texas,3.623,4.9024,0.0004,0,77
342,6298,215.92,-27.44,125.85,-27.44,1.0,296.7,1,247.25,74.18,0,0,0,0,0,0,0,0,114.86,0,247.25,0,0,0,0,ng,Texas,3.623,4.9024,0.0004,0,77
343,6298,246.89,-27.44,125.85,-27.44,1.0,296.7,1,247.25,74.18,0,0,0,0,0,0,0,0,114.86,0,247.25,0,0,0,0,ng,Texas,3.623,4.9024,0.0004,0,77
344,6298,246.89,-27.44,125.85,-27.44,1.0,296.7,1,247.25,74.18,0,0,0,0,0,0,0,0,114.86,0,247.25,0,0,0,0,ng,Texas,3.623,4.9024,0.0004,0,77
345,6349,0.0,0.0,6.11,-1.33,1.04,14.4,0,12.0,3.6,0,0,0,0,0,0,0,0,6.0,0,12.0,0,0,0,0,ng,Texas,3.623,4.5872,0.0004,0,80
346,6349,0.0,0.0,26.21,-5.72,1.04,61.8,0,51.5,15.45,0,0,0,0,0,0,0,0,25.75,0,51.5,0,0,0,0,ng,Texas,3.623,4.6402,0.0004,0,80
347,6349,32.17,52.43,52.43,-11.43,1.04,123.6,1,103.0,30.9,0,0,0,0,0,0,0,0,51.5,0,103.0,0,0,0,0,ng,Texas,3.623,4.7092,0.0004,0,80
348,6349,0.0,0.0,1.17,-0.26,1.04,2.76,0,2.3,0.69,0,0,0,0,0,0,0,0,1.15,0,2.3,0,0,0,0,ng,Texas,3.623,4.5742,0.0004,0,80
349,6349,0.0,0.0,2.34,-0.51,1.04,5.52,0,4.6,1.38,0,0,0,0,0,0,0,0,2.3,0,4.6,0,0,0,0,ng,Texas,3.623,4.5773,0.0004,0,80
350,6349,0.0,0.0,0.76,-0.17,1.04,1.8,0,1.5,0.45,0,0,0,0,0,0,0,0,0.75,0,1.5,0,0,0,0,ng,Texas,3.623,4.5732,0.0004,0,80
351,6349,0.0,0.0,2.04,-0.44,1.04,4.8,0,4.0,1.2,0,0,0,0,0,0,0,0,2.0,0,4.0,0,0,0,0,ng,Texas,3.623,4.5765,0.0004,0,80
352,6349,0.0,0.0,3.26,-0.71,1.04,7.68,0,6.4,1.92,0,0,0,0,0,0,0,0,3.2,0,6.4,0,0,0,0,ng,Texas,3.623,4.5797,0.0004,0,80
353,6349,113.38,184.77,184.77,-40.29,1.04,435.6,1,363.0,108.9,0,0,0,0,0,0,0,0,137.12,0,363.0,0,0,0,0,ng,Texas,3.623,5.0575,0.0004,0,80
354,6349,113.38,184.77,184.77,-40.29,1.04,435.6,1,363.0,108.9,0,0,0,0,0,0,0,0,137.12,0,363.0,0,0,0,0,ng,Texas,3.623,5.0575,0.0004,0,80
355,6349,0.0,0.0,26.21,-5.72,1.04,61.8,0,51.5,15.45,0,0,0,0,0,0,0,0,25.75,0,51.5,0,0,0,0,ng,Texas,3.623,4.6402,0.0004,0,80
356,7002,162.76,31.99,82.97,-18.09,1.04,195.6,1,163.0,48.9,0,0,0,0,0,0,0,0,81.5,0,163.0,0,0,0,0,ng,Texas,3.274,4.7896,0.0004,0,81
357,7002,162.76,55.98,82.97,-18.09,1.04,195.6,1,163.0,48.9,0,0,0,0,0,0,0,0,81.5,0,163.0,0,0,0,0,ng,Texas,3.274,4.7896,0.0004,0,81
358,7002,162.76,36.94,82.97,-18.09,1.04,195.6,1,163.0,48.9,0,0,0,0,0,0,0,0,81.5,0,163.0,0,0,0,0,ng,Texas,3.274,4.7896,0.0004,0,81
359,7002,162.76,34.59,82.97,-18.09,1.04,195.6,1,163.0,48.9,0,0,0,0,0,0,0,0,81.5,0,163.0,0,0,0,0,ng,Texas,3.274,4.7896,0.0004,0,81
360,7002,162.76,31.41,82.97,-18.09,1.04,195.6,1,163.0,48.9,0,0,0,0,0,0,0,0,81.5,0,163.0,0,0,0,0,ng,Texas,3.274,4.7896,0.0004,0,81
361,7186,0.0,0.0,2.04,-0.44,1.04,4.8,0,4.0,1.2,0,0,0,0,0,0,0,0,2.0,0,4.0,0,0,0,0,ng,Texas,3.274,4.5765,0.0004,0,94
362,7018,22.37,11.4,11.4,-2.49,1.04,26.88,1,22.4,6.72,0,0,0,0,0,0,0,0,11.2,0,22.4,0,0,0,0,ng,Texas,3.613,4.6012,0.0004,0,82
363,7018,47.33,24.13,24.13,-5.26,1.04,56.88,1,47.4,14.22,0,0,0,0,0,0,0,0,23.7,0,47.4,0,0,0,0,ng,Texas,3.613,4.6347,0.0004,0,82
364,7018,47.33,24.13,24.13,-5.26,1.04,56.88,1,47.4,14.22,0,0,0,0,0,0,0,0,23.7,0,47.4,0,0,0,0,ng,Texas,3.613,4.6347,0.0004,0,82
365,7018,94.66,48.25,48.25,-10.52,1.04,113.76,1,94.8,28.44,0,0,0,0,0,0,0,0,47.4,0,94.8,0,0,0,0,ng,Texas,3.613,4.6982,0.0004,0,82
366,7018,0.0,0.0,1.63,-0.36,1.04,3.84,0,3.2,0.96,0,0,0,0,0,0,0,0,1.6,0,3.2,0,0,0,0,ng,Texas,3.613,4.5754,0.0004,0,82
367,7406,29.1,0.0,0.0,0.0,1.04,46.56,1,38.8,0.0,0,0,0,0,0,0,0,0,0.0,0,38.8,0,0,0,0,solar,Texas,0.0,0.0,0.0,0,107
368,7406,7.5,0.0,0.0,0.0,1.04,12.0,1,10.0,0.0,0,0,0,0,0,0,0,0,0.0,0,10.0,0,0,0,0,solar,Texas,0.0,0.0,0.0,0,107
369,7406,7.5,0.0,0.0,0.0,1.04,12.0,1,10.0,0.0,0,0,0,0,0,0,0,0,0.0,0,10.0,0,0,0,0,solar,Texas,0.0,0.0,0.0,0,107
370,7406,0.0,0.0,0.0,0.0,1.04,5.28,0,4.4,0.0,0,0,0,0,0,0,0,0,0.0,0,4.4,0,0,0,0,solar,Texas,0.0,0.0,0.0,0,107
371,7042,188.17,25.83,95.92,-20.92,1.03,226.14,1,188.45,56.53,0,0,0,0,0,0,0,0,94.22,0,188.45,0,0,0,0,ng,Texas,3.613,4.8237,0.0004,0,84
372,7042,188.17,53.77,95.92,-20.92,1.03,226.14,1,188.45,56.53,0,0,0,0,0,0,0,0,94.22,0,188.45,0,0,0,0,ng,Texas,3.613,4.8237,0.0004,0,84
373,7058,68.06,-12.75,58.48,-12.75,1.0,137.88,1,114.9,34.47,0,0,0,0,0,0,0,0,57.45,0,114.9,0,0,0,0,ng,Texas,3.613,4.7251,0.0004,0,86
374,7058,68.06,-12.75,58.48,-12.75,1.0,137.88,1,114.9,34.47,0,0,0,0,0,0,0,0,57.45,0,114.9,0,0,0,0,ng,Texas,3.613,4.7251,0.0004,0,86
375,7058,68.06,-12.75,58.48,-12.75,1.0,137.88,1,114.9,34.47,0,0,0,0,0,0,0,0,57.45,0,114.9,0,0,0,0,ng,Texas,3.613,4.7251,0.0004,0,86
376,7058,84.15,-12.75,58.48,-12.75,1.0,137.88,1,114.9,34.47,0,0,0,0,0,0,0,0,57.45,0,114.9,0,0,0,0,ng,Texas,3.613,4.7251,0.0004,0,86
377,7058,84.15,-12.75,58.48,-12.75,1.0,137.88,1,114.9,34.47,0,0,0,0,0,0,0,0,57.45,0,114.9,0,0,0,0,ng,Texas,3.613,4.7251,0.0004,0,86
378,7058,69.08,-12.75,58.48,-12.75,1.0,137.88,1,114.9,34.47,0,0,0,0,0,0,0,0,57.45,0,114.9,0,0,0,0,ng,Texas,3.613,4.7251,0.0004,0,86
379,7076,161.82,35.84,116.38,-25.38,1.04,274.38,1,228.65,68.59,0,0,0,0,0,0,0,0,109.41,0,228.65,0,0,0,0,ng,Texas,3.274,4.8775,0.0004,0,87
380,7076,167.45,28.09,116.38,-25.38,1.04,274.38,1,228.65,68.59,0,0,0,0,0,0,0,0,109.41,0,228.65,0,0,0,0,ng,Texas,3.274,4.8775,0.0004,0,87
381,7076,167.45,28.43,116.38,-25.38,1.04,274.38,1,228.65,68.59,0,0,0,0,0,0,0,0,109.41,0,228.65,0,0,0,0,ng,Texas,3.274,4.8775,0.0004,0,87
382,7076,167.45,34.7,116.38,-25.38,1.04,274.38,1,228.65,68.59,0,0,0,0,0,0,0,0,109.41,0,228.65,0,0,0,0,ng,Texas,3.274,4.8775,0.0004,0,87
383,7095,1236.22,189.29,498.38,-111.05,1.0,1625.16,1,1354.3,1286.585,0,0,0,0,0,0,0,0,0.0,0,1354.3,0,0,0,0,nuclear,Texas,1.0,7.0627,0.0002,0,88
384,7095,1352.3,-14.48,498.38,-111.05,1.0,1625.16,1,1354.3,1286.585,0,0,0,0,0,0,0,0,0.0,0,1354.3,0,0,0,0,nuclear,Texas,1.0,7.4446,0.0002,0,88
385,7104,149.78,75.03,76.35,-16.65,1.04,180.0,1,150.0,45.0,0,0,0,0,0,0,0,0,75.0,0,150.0,0,0,0,0,ng,Texas,3.274,4.7721,0.0004,0,89
386,7104,50.92,16.82,25.96,-5.66,1.04,61.2,1,51.0,15.3,0,0,0,0,0,0,0,0,25.5,0,51.0,0,0,0,0,ng,Texas,3.274,4.6395,0.0004,0,89
387,7104,50.92,20.45,25.96,-5.66,1.04,61.2,1,51.0,15.3,0,0,0,0,0,0,0,0,25.5,0,51.0,0,0,0,0,ng,Texas,3.274,4.6395,0.0004,0,89
388,7104,195.71,42.29,99.76,-21.76,1.04,235.2,1,196.0,58.8,0,0,0,0,0,0,0,0,98.0,0,196.0,0,0,0,0,ng,Texas,3.274,4.8338,0.0004,0,89
389,7104,195.71,41.23,99.76,-21.76,1.04,235.2,1,196.0,58.8,0,0,0,0,0,0,0,0,98.0,0,196.0,0,0,0,0,ng,Texas,3.274,4.8338,0.0004,0,89
390,7104,195.71,65.18,99.76,-21.76,1.04,235.2,1,196.0,58.8,0,0,0,0,0,0,0,0,98.0,0,196.0,0,0,0,0,ng,Texas,3.274,4.8338,0.0004,0,89
391,7104,195.71,35.4,99.76,-21.76,1.04,235.2,1,196.0,58.8,0,0,0,0,0,0,0,0,98.0,0,196.0,0,0,0,0,ng,Texas,3.274,4.8338,0.0004,0,89
392,7104,195.71,69.11,99.76,-21.76,1.04,235.2,1,196.0,58.8,0,0,0,0,0,0,0,0,98.0,0,196.0,0,0,0,0,ng,Texas,3.274,4.8338,0.0004,0,89
393,7104,195.71,69.47,99.76,-21.76,1.04,235.2,1,196.0,58.8,0,0,0,0,0,0,0,0,98.0,0,196.0,0,0,0,0,ng,Texas,3.274,4.8338,0.0004,0,89
394,7047,0.0,0.0,1.88,-0.41,1.04,4.44,0,3.7,1.11,0,0,0,0,0,0,0,0,1.85,0,3.7,0,0,0,0,ng,Texas,3.274,4.5761,0.0004,0,85
395,7047,0.0,0.0,2.19,-0.48,1.04,5.16,0,4.3,1.29,0,0,0,0,0,0,0,0,2.15,0,4.3,0,0,0,0,ng,Texas,3.274,4.5769,0.0004,0,85
396,7130,16.28,-1.81,8.3,-1.81,1.0,19.56,1,16.3,4.89,0,0,0,0,0,0,0,0,8.15,0,16.3,0,0,0,0,ng,Texas,3.274,4.593,0.0004,0,91
397,7130,206.25,-22.93,105.13,-22.93,1.0,247.86,1,206.55,61.97,0,0,0,0,0,0,0,0,102.26,0,206.55,0,0,0,0,ng,Texas,3.274,4.8479,0.0004,0,91
398,7130,206.25,-22.93,105.13,-22.93,1.0,247.86,1,206.55,61.97,0,0,0,0,0,0,0,0,102.26,0,206.55,0,0,0,0,ng,Texas,3.274,4.8479,0.0004,0,91
399,7130,206.25,-22.93,105.13,-22.93,1.0,247.86,1,206.55,61.97,0,0,0,0,0,0,0,0,102.26,0,206.55,0,0,0,0,ng,Texas,3.274,4.8479,0.0004,0,91
400,7130,206.25,-22.93,105.13,-22.93,1.0,247.86,1,206.55,61.97,0,0,0,0,0,0,0,0,102.26,0,206.55,0,0,0,0,ng,Texas,3.274,4.8479,0.0004,0,91
401,7130,380.14,-42.26,193.78,-42.26,1.0,456.84,1,380.7,114.21,0,0,0,0,0,0,0,0,138.76,0,380.7,0,0,0,0,ng,Texas,3.274,5.0813,0.0004,0,91
402,7130,58.91,-6.55,30.03,-6.55,1.0,70.8,1,59.0,17.7,0,0,0,0,0,0,0,0,29.5,0,59.0,0,0,0,0,ng,Texas,3.274,4.6502,0.0004,0,91
403,7130,58.91,-6.55,30.03,-6.55,1.0,70.8,1,59.0,17.7,0,0,0,0,0,0,0,0,29.5,0,59.0,0,0,0,0,ng,Texas,3.274,4.6502,0.0004,0,91
404,7130,58.91,-6.55,30.03,-6.55,1.0,70.8,1,59.0,17.7,0,0,0,0,0,0,0,0,29.5,0,59.0,0,0,0,0,ng,Texas,3.274,4.6502,0.0004,0,91
405,7130,58.91,-6.55,30.03,-6.55,1.0,70.8,1,59.0,17.7,0,0,0,0,0,0,0,0,29.5,0,59.0,0,0,0,0,ng,Texas,3.274,4.6502,0.0004,0,91
406,7227,10.18,-1.13,5.19,-1.13,1.01,12.24,1,10.2,3.06,0,0,0,0,0,0,0,0,5.1,0,10.2,0,0,0,0,ng,Texas,3.274,4.5848,0.0004,0,97
407,7159,110.44,56.3,56.3,-12.28,1.04,132.72,1,110.6,33.18,0,0,0,0,0,0,0,0,55.3,0,110.6,0,0,0,0,ng,Texas,3.274,4.7193,0.0004,0,92
408,7159,110.44,49.51,56.3,-12.28,1.04,132.72,1,110.6,33.18,0,0,0,0,0,0,0,0,55.3,0,110.6,0,0,0,0,ng,Texas,3.274,4.7193,0.0004,0,92
409,7159,110.44,56.3,56.3,-12.28,1.04,132.72,1,110.6,33.18,0,0,0,0,0,0,0,0,55.3,0,110.6,0,0,0,0,ng,Texas,3.274,4.7193,0.0004,0,92
410,7159,110.44,56.3,56.3,-12.28,1.04,132.72,1,110.6,33.18,0,0,0,0,0,0,0,0,55.3,0,110.6,0,0,0,0,ng,Texas,3.274,4.7193,0.0004,0,92
411,7159,110.44,42.45,56.3,-12.28,1.04,132.72,1,110.6,33.18,0,0,0,0,0,0,0,0,55.3,0,110.6,0,0,0,0,ng,Texas,3.274,4.7193,0.0004,0,92
412,7159,110.44,35.37,56.3,-12.28,1.04,132.72,1,110.6,33.2,0,0,0,0,0,0,0,0,55.3,0,110.6,0,0,0,0,ng,Texas,3.274,4.7193,0.0004,0,92
413,7159,87.59,44.65,44.65,-9.74,1.04,105.26,1,87.72,26.32,0,0,0,0,0,0,0,0,43.86,0,87.72,0,0,0,0,ng,Texas,3.274,4.6887,0.0004,0,92
414,7159,87.59,44.65,44.65,-9.74,1.04,105.26,1,87.72,26.3,0,0,0,0,0,0,0,0,43.86,0,87.72,0,0,0,0,ng,Texas,3.274,4.6887,0.0004,0,92
415,7159,336.73,101.63,178.59,-38.95,1.04,421.04,1,350.87,105.26,0,0,0,0,0,0,0,0,135.73,0,350.87,0,0,0,0,ng,Texas,3.274,5.0413,0.0004,0,92
416,7186,6.89,3.51,3.51,-0.77,1.03,8.28,1,6.9,2.07,0,0,0,0,0,0,0,0,3.45,0,6.9,0,0,0,0,ng,Texas,3.274,4.5804,0.0004,0,94
417,7186,47.93,9.97,24.43,-5.33,1.03,57.6,1,48.0,14.4,0,0,0,0,0,0,0,0,24.0,0,48.0,0,0,0,0,ng,Texas,3.274,4.6355,0.0004,0,94
418,7186,0.0,0.0,2.55,-0.55,1.03,6.0,0,5.0,1.5,0,0,0,0,0,0,0,0,2.5,0,5.0,0,0,0,0,ng,Texas,3.274,4.5778,0.0004,0,94
419,7186,34.95,14.05,17.81,-3.88,1.03,42.0,1,35.0,10.5,0,0,0,0,0,0,0,0,17.5,0,35.0,0,0,0,0,ng,Texas,3.274,4.618,0.0004,0,94
420,7186,7.49,3.82,3.82,-0.83,1.03,9.0,1,7.5,2.25,0,0,0,0,0,0,0,0,3.75,0,7.5,0,0,0,0,ng,Texas,3.274,4.5812,0.0004,0,94
421,7186,230.61,35.47,117.55,-25.64,1.03,277.14,1,230.95,69.28,0,0,0,0,0,0,0,0,110.11,0,230.95,0,0,0,0,ng,Texas,3.274,4.8806,0.0004,0,94
422,7186,230.61,30.53,117.55,-25.64,1.03,277.14,1,230.95,69.28,0,0,0,0,0,0,0,0,110.11,0,230.95,0,0,0,0,ng,Texas,3.274,4.8806,0.0004,0,94
423,7186,230.61,54.9,117.55,-25.64,1.03,277.14,1,230.95,69.28,0,0,0,0,0,0,0,0,110.11,0,230.95,0,0,0,0,ng,Texas,3.274,4.8806,0.0004,0,94
424,7186,230.61,85.19,117.55,-25.64,1.03,277.14,1,230.95,69.28,0,0,0,0,0,0,0,0,110.11,0,230.95,0,0,0,0,ng,Texas,3.274,4.8806,0.0004,0,94
425,7204,0.0,0.0,2.04,-0.44,1.04,4.8,0,4.0,1.2,0,0,0,0,0,0,0,0,2.0,0,4.0,0,0,0,0,ng,Texas,3.274,4.5765,0.0004,0,96
426,7204,763.87,76.51,389.39,-84.92,1.04,918.0,1,765.0,229.5,0,0,0,0,0,0,0,0,153.0,0,765.0,0,0,0,0,ng,Texas,3.274,5.5962,0.0004,0,96
427,7204,763.87,98.88,389.39,-84.92,1.04,918.0,1,765.0,229.5,0,0,0,0,0,0,0,0,153.0,0,765.0,0,0,0,0,ng,Texas,3.274,5.5962,0.0004,0,96
428,7204,178.24,25.66,90.86,-19.81,1.04,214.2,1,178.5,53.55,0,0,0,0,0,0,0,0,89.25,0,178.5,0,0,0,0,ng,Texas,3.274,4.8103,0.0004,0,96
429,7204,178.24,36.02,90.86,-19.81,1.04,214.2,1,178.5,53.55,0,0,0,0,0,0,0,0,89.25,0,178.5,0,0,0,0,ng,Texas,3.274,4.8103,0.0004,0,96
430,7204,178.24,23.52,90.86,-19.81,1.04,214.2,1,178.5,53.55,0,0,0,0,0,0,0,0,89.25,0,178.5,0,0,0,0,ng,Texas,3.274,4.8103,0.0004,0,96
431,7263,304.15,-33.81,155.04,-33.81,1.01,365.52,1,304.6,91.38,0,0,0,0,0,0,0,0,128.4,0,304.6,0,0,0,0,ng,Texas,3.274,4.9793,0.0004,0,98
432,7263,90.51,-10.06,46.14,-10.06,1.01,108.77,1,90.64,27.19,0,0,0,0,0,0,0,0,45.32,0,90.64,0,0,0,0,ng,Texas,3.274,4.6926,0.0004,0,98
433,7263,90.51,-10.06,46.14,-10.06,1.01,108.77,1,90.64,27.19,0,0,0,0,0,0,0,0,45.32,0,90.64,0,0,0,0,ng,Texas,3.274,4.6926,0.0004,0,98
434,7263,90.51,-10.06,46.14,-10.06,1.01,108.77,1,90.64,27.19,0,0,0,0,0,0,0,0,45.32,0,90.64,0,0,0,0,ng,Texas,3.274,4.6926,0.0004,0,98
435,7263,181.01,-20.12,92.27,-20.12,1.01,217.54,1,181.28,54.38,0,0,0,0,0,0,0,0,90.64,0,181.28,0,0,0,0,ng,Texas,3.274,4.814,0.0004,0,98
436,7366,0.0,0.0,13.08,-2.85,1.04,30.84,0,25.7,7.71,0,0,0,0,0,0,0,0,12.85,0,25.7,0,0,0,0,ng,Texas,3.274,4.6056,0.0004,0,104
437,7366,0.0,0.0,7.64,-1.67,1.04,18.0,0,15.0,4.5,0,0,0,0,0,0,0,0,7.5,0,15.0,0,0,0,0,ng,Texas,3.274,4.5912,0.0004,0,104
438,7366,0.0,0.0,0.0,0.0,1.04,9.0,0,7.5,0.0,0,0,0,0,0,0,0,0,0.0,0,7.5,0,0,0,0,solar,Texas,0.0,0.0,0.0,0,104
439,7366,21.22,0.0,0.0,0.0,1.04,33.96,1,28.3,0.0,0,0,0,0,0,0,0,0,0.0,0,28.3,0,0,0,0,solar,Texas,0.0,0.0,0.0,0,104
440,7366,21.22,0.0,0.0,0.0,1.04,33.96,1,28.3,0.0,0,0,0,0,0,0,0,0,0.0,0,28.3,0,0,0,0,solar,Texas,0.0,0.0,0.0,0,104
441,7366,21.22,0.0,0.0,0.0,1.04,33.96,1,28.3,0.0,0,0,0,0,0,0,0,0,0.0,0,28.3,0,0,0,0,solar,Texas,0.0,0.0,0.0,0,104
442,7366,21.22,0.0,0.0,0.0,1.04,33.96,1,28.3,0.0,0,0,0,0,0,0,0,0,0.0,0,28.3,0,0,0,0,solar,Texas,0.0,0.0,0.0,0,104
443,7366,42.45,0.0,0.0,0.0,1.04,67.92,1,56.6,0.0,0,0,0,0,0,0,0,0,0.0,0,56.6,0,0,0,0,solar,Texas,0.0,0.0,0.0,0,104
444,7304,96.54,49.21,49.21,-10.73,1.04,116.02,1,96.68,29.0,0,0,0,0,0,0,0,0,48.34,0,96.68,0,0,0,0,ng,Texas,3.613,4.7007,0.0004,0,99
445,7304,96.54,49.21,49.21,-10.73,1.04,116.02,1,96.68,29.0,0,0,0,0,0,0,0,0,48.34,0,96.68,0,0,0,0,ng,Texas,3.613,4.7007,0.0004,0,99
446,7304,0.0,0.0,49.21,-10.73,1.04,116.02,0,96.68,29.0,0,0,0,0,0,0,0,0,48.34,0,96.68,0,0,0,0,ng,Texas,3.613,4.7007,0.0004,0,99
447,7304,96.54,44.3,49.21,-10.73,1.04,116.02,1,96.68,29.0,0,0,0,0,0,0,0,0,48.34,0,96.68,0,0,0,0,ng,Texas,3.613,4.7007,0.0004,0,99
448,7304,193.08,98.42,98.42,-21.46,1.04,232.04,1,193.37,58.01,0,0,0,0,0,0,0,0,96.69,0,193.37,0,0,0,0,ng,Texas,3.613,4.8302,0.0004,0,99
449,7320,38.88,-13.82,63.36,-13.82,1.02,149.37,1,124.48,37.34,0,0,0,0,0,0,0,0,62.24,0,124.47,0,0,0,0,ng,Texas,3.274,4.7379,0.0004,0,100
450,7320,38.88,-13.82,63.36,-13.82,1.02,149.37,1,124.48,37.34,0,0,0,0,0,0,0,0,62.24,0,124.47,0,0,0,0,ng,Texas,3.274,4.7379,0.0004,0,100
451,7320,38.88,-13.82,63.36,-13.82,1.02,149.37,1,124.48,37.34,0,0,0,0,0,0,0,0,62.24,0,124.47,0,0,0,0,ng,Texas,3.274,4.7379,0.0004,0,100
452,7320,38.88,-13.82,63.36,-13.82,1.02,149.37,1,124.48,37.34,0,0,0,0,0,0,0,0,62.24,0,124.47,0,0,0,0,ng,Texas,3.274,4.7379,0.0004,0,100
453,7346,31.83,34.79,51.87,-11.31,1.04,122.28,1,101.9,30.57,0,0,0,0,0,0,0,0,50.95,0,101.9,0,0,0,0,ng,Texas,3.613,4.7077,0.0004,0,103
454,7331,0.0,0.0,2.19,-0.57,1.04,5.64,0,4.7,1.41,0,0,0,0,0,0,0,0,1.88,0,4.7,0,0,0,0,coal,Texas,2.329,8.0169,0.0008,0,101
455,7331,141.65,128.35,211.33,-55.33,1.04,544.2,1,453.5,136.05,0,0,0,0,0,0,0,0,157.45,0,453.5,0,0,0,0,coal,Texas,2.329,8.0169,0.0008,0,101
456,7346,313.37,119.0,159.74,-34.83,1.04,376.59,1,313.83,94.15,0,0,0,0,0,0,0,0,130.12,0,313.83,0,0,0,0,ng,Texas,3.274,4.9917,0.0004,0,103
457,7346,313.37,51.57,159.74,-34.83,1.04,376.59,1,313.83,94.15,0,0,0,0,0,0,0,0,130.12,0,313.83,0,0,0,0,ng,Texas,3.274,4.9917,0.0004,0,103
458,7346,313.37,40.83,159.74,-34.83,1.04,376.59,1,313.83,94.15,0,0,0,0,0,0,0,0,130.12,0,313.83,0,0,0,0,ng,Texas,3.274,4.9917,0.0004,0,103
459,7346,313.37,42.21,159.74,-34.83,1.04,376.59,1,313.83,94.15,0,0,0,0,0,0,0,0,130.12,0,313.83,0,0,0,0,ng,Texas,3.274,4.9917,0.0004,0,103
460,7346,600.63,67.24,348.26,-75.95,1.04,821.04,1,684.2,205.26,0,0,0,0,0,0,0,0,136.84,0,684.2,0,0,0,0,ng,Texas,3.274,5.4879,0.0004,0,103
461,7346,596.86,107.2,348.26,-75.95,1.04,821.04,1,684.2,205.26,0,0,0,0,0,0,0,0,136.84,0,684.2,0,0,0,0,ng,Texas,3.274,5.4879,0.0004,0,103
462,7346,596.86,106.44,348.26,-75.95,1.04,821.04,1,684.2,205.26,0,0,0,0,0,0,0,0,136.84,0,684.2,0,0,0,0,ng,Texas,3.274,5.4879,0.0004,0,103
463,7346,596.8,110.03,348.26,-75.95,1.04,821.04,1,684.2,205.0,0,0,0,0,0,0,0,0,136.84,0,684.2,0,0,0,0,ng,Texas,3.274,5.4879,0.0004,0,103
464,7346,16.28,8.3,8.3,-1.81,1.04,19.56,1,16.3,4.89,0,0,0,0,0,0,0,0,8.15,0,16.3,0,0,0,0,ng,Texas,3.274,4.593,0.0004,0,103
465,7346,224.87,33.79,114.63,-25.0,1.04,270.24,1,225.2,67.56,0,0,0,0,0,0,0,0,108.34,0,225.2,0,0,0,0,ng,Texas,3.274,4.8729,0.0004,0,103
466,7346,224.87,74.02,114.63,-25.0,1.04,270.24,1,225.2,67.56,0,0,0,0,0,0,0,0,108.34,0,225.2,0,0,0,0,ng,Texas,3.274,4.8729,0.0004,0,103
467,7346,224.87,45.38,114.63,-25.0,1.04,270.24,1,225.2,67.56,0,0,0,0,0,0,0,0,108.34,0,225.2,0,0,0,0,ng,Texas,3.274,4.8729,0.0004,0,103
468,7346,102.55,27.74,52.27,-11.4,1.04,123.24,1,102.7,30.81,0,0,0,0,0,0,0,0,51.35,0,102.7,0,0,0,0,ng,Texas,3.274,4.7088,0.0004,0,103
469,7366,107.11,27.68,54.6,-11.91,1.04,128.72,1,107.27,32.18,0,0,0,0,0,0,0,0,53.63,0,107.27,0,0,0,0,ng,Texas,3.274,4.7149,0.0004,0,104
470,7366,107.11,22.32,54.6,-11.91,1.04,128.72,1,107.27,32.18,0,0,0,0,0,0,0,0,53.63,0,107.27,0,0,0,0,ng,Texas,3.274,4.7149,0.0004,0,104
471,7366,107.11,26.67,54.6,-11.91,1.04,128.72,1,107.27,32.18,0,0,0,0,0,0,0,0,53.63,0,107.27,0,0,0,0,ng,Texas,3.274,4.7149,0.0004,0,104
472,7366,107.11,28.44,54.6,-11.91,1.04,128.72,1,107.27,32.18,0,0,0,0,0,0,0,0,53.63,0,107.27,0,0,0,0,ng,Texas,3.274,4.7149,0.0004,0,104
473,7366,107.11,54.6,54.6,-11.91,1.04,128.72,1,107.27,32.18,0,0,0,0,0,0,0,0,53.63,0,107.27,0,0,0,0,ng,Texas,3.274,4.7149,0.0004,0,104
474,7366,107.11,34.91,54.6,-11.91,1.04,128.72,1,107.27,32.18,0,0,0,0,0,0,0,0,53.63,0,107.27,0,0,0,0,ng,Texas,3.274,4.7149,0.0004,0,104
475,7366,183.39,34.36,93.48,-20.39,1.04,220.39,1,183.66,55.1,0,0,0,0,0,0,0,0,91.83,0,183.66,0,0,0,0,ng,Texas,3.274,4.8172,0.0004,0,104
476,7366,183.39,37.3,93.48,-20.39,1.04,220.39,1,183.66,55.1,0,0,0,0,0,0,0,0,91.83,0,183.66,0,0,0,0,ng,Texas,3.274,4.8172,0.0004,0,104
477,7366,183.39,47.31,93.48,-20.39,1.04,220.39,1,183.66,55.1,0,0,0,0,0,0,0,0,91.83,0,183.66,0,0,0,0,ng,Texas,3.274,4.8172,0.0004,0,104
478,7366,183.39,38.64,93.48,-20.39,1.04,220.39,1,183.66,55.1,0,0,0,0,0,0,0,0,91.83,0,183.66,0,0,0,0,ng,Texas,3.274,4.8172,0.0004,0,104
479,7366,183.39,41.66,93.48,-20.39,1.04,220.39,1,183.66,55.1,0,0,0,0,0,0,0,0,91.83,0,183.66,0,0,0,0,ng,Texas,3.274,4.8172,0.0004,0,104
480,7389,542.0,276.29,276.29,-60.25,1.04,651.36,1,542.8,162.84,0,0,0,0,0,0,0,0,131.85,0,542.8,0,0,0,0,ng,Texas,3.274,5.2985,0.0004,0,105
481,7400,71.89,-7.99,36.65,-7.99,1.0,86.4,1,72.0,21.6,0,0,0,0,0,0,0,0,36.0,0,72.0,0,0,0,0,ng,Texas,3.274,4.6676,0.0004,0,106
482,7400,71.89,-7.99,36.65,-7.99,1.0,86.4,1,72.0,21.6,0,0,0,0,0,0,0,0,36.0,0,72.0,0,0,0,0,ng,Texas,3.274,4.6676,0.0004,0,106
483,7400,71.89,-7.99,36.65,-7.99,1.0,86.4,1,72.0,21.6,0,0,0,0,0,0,0,0,36.0,0,72.0,0,0,0,0,ng,Texas,3.274,4.6676,0.0004,0,106
484,7400,71.89,-7.99,36.65,-7.99,1.0,86.4,1,72.0,21.6,0,0,0,0,0,0,0,0,36.0,0,72.0,0,0,0,0,ng,Texas,3.274,4.6676,0.0004,0,106
485,7400,143.79,-15.98,73.3,-15.98,1.0,172.8,1,144.0,43.2,0,0,0,0,0,0,0,0,72.0,0,144.0,0,0,0,0,ng,Texas,3.274,4.7641,0.0004,0,106
486,7400,445.74,-49.55,227.22,-49.55,1.0,535.68,1,446.4,133.92,0,0,0,0,0,0,0,0,140.71,0,446.4,0,0,0,0,ng,Texas,3.274,5.1693,0.0004,0,106
487,7406,63.01,32.12,32.12,-7.0,1.04,75.72,1,63.1,18.93,0,0,0,0,0,0,0,0,31.55,0,63.1,0,0,0,0,ng,Texas,3.613,4.6557,0.0004,0,107
488,7406,309.54,157.79,157.79,-34.41,1.04,372.0,1,310.0,93.0,0,0,0,0,0,0,0,0,129.42,0,310.0,0,0,0,0,ng,Texas,3.613,4.9865,0.0004,0,107
489,7414,102.25,52.12,52.12,-11.37,1.03,122.88,1,102.4,30.72,0,0,0,0,0,0,0,0,51.2,0,102.4,0,0,0,0,ng,Texas,3.613,4.7084,0.0004,0,108
490,7130,88.07,-9.79,44.89,-9.79,1.0,105.84,1,88.2,26.46,0,0,0,0,0,0,0,0,44.1,0,88.2,0,0,0,0,ng,Texas,3.274,4.6893,0.0004,0,91
491,7130,88.07,-9.79,44.89,-9.79,1.0,105.84,1,88.2,26.46,0,0,0,0,0,0,0,0,44.1,0,88.2,0,0,0,0,ng,Texas,3.274,4.6893,0.0004,0,91
492,7422,2.12,3.46,3.46,-0.75,1.04,8.16,1,6.8,2.04,0,0,0,0,0,0,0,0,3.4,0,6.8,0,0,0,0,ng,Texas,3.274,4.5803,0.0004,0,109
493,7422,53.79,41.76,87.65,-19.11,1.04,206.64,1,172.2,51.66,0,0,0,0,0,0,0,0,86.1,0,172.2,0,0,0,0,ng,Texas,3.274,4.8019,0.0004,0,109
494,7422,53.79,41.76,87.65,-19.11,1.04,206.64,1,172.2,51.66,0,0,0,0,0,0,0,0,86.1,0,172.2,0,0,0,0,ng,Texas,3.274,4.8019,0.0004,0,109
495,7422,35.14,41.76,57.26,-12.49,1.04,135.0,1,112.5,33.75,0,0,0,0,0,0,0,0,56.25,0,112.5,0,0,0,0,ng,Texas,3.274,4.7219,0.0004,0,109
496,7422,35.14,41.76,57.26,-12.49,1.04,135.0,1,112.5,33.75,0,0,0,0,0,0,0,0,56.25,0,112.5,0,0,0,0,ng,Texas,3.274,4.7219,0.0004,0,109
497,7422,35.14,41.76,57.26,-12.49,1.04,135.0,1,112.5,33.75,0,0,0,0,0,0,0,0,56.25,0,112.5,0,0,0,0,ng,Texas,3.274,4.7219,0.0004,0,109
498,7422,35.14,41.76,57.26,-12.49,1.04,135.0,1,112.5,33.75,0,0,0,0,0,0,0,0,56.25,0,112.5,0,0,0,0,ng,Texas,3.274,4.7219,0.0004,0,109
499,7422,59.69,41.76,97.27,-21.21,1.04,229.32,1,191.1,57.33,0,0,0,0,0,0,0,0,95.55,0,191.1,0,0,0,0,ng,Texas,3.274,4.8272,0.0004,0,109
500,7422,53.79,41.76,87.65,-19.11,1.04,206.64,1,172.2,51.66,0,0,0,0,0,0,0,0,86.1,0,172.2,0,0,0,0,ng,Texas,3.274,4.8019,0.0004,0,109
501,7422,53.79,41.76,87.65,-19.11,1.04,206.64,1,172.2,51.66,0,0,0,0,0,0,0,0,86.1,0,172.2,0,0,0,0,ng,Texas,3.274,4.8019,0.0004,0,109
502,7422,53.79,41.76,87.65,-19.11,1.04,206.64,1,172.2,51.66,0,0,0,0,0,0,0,0,86.1,0,172.2,0,0,0,0,ng,Texas,3.274,4.8019,0.0004,0,109
503,7428,31.4,20.89,51.16,-11.16,1.04,120.62,1,100.52,30.16,0,0,0,0,0,0,0,0,50.26,0,100.52,0,0,0,0,ng,Texas,3.274,4.7058,0.0004,0,110
504,7428,40.6,20.89,66.17,-14.43,1.04,156.0,1,130.0,39.0,0,0,0,0,0,0,0,0,65.0,0,130.0,0,0,0,0,ng,Texas,3.274,4.7453,0.0004,0,110
505,7428,40.6,20.89,66.17,-14.43,1.04,156.0,1,130.0,39.0,0,0,0,0,0,0,0,0,65.0,0,130.0,0,0,0,0,ng,Texas,3.274,4.7453,0.0004,0,110
506,7428,31.4,20.89,51.16,-11.16,1.04,120.62,1,100.52,30.16,0,0,0,0,0,0,0,0,50.26,0,100.52,0,0,0,0,ng,Texas,3.274,4.7058,0.0004,0,110
507,7428,31.4,20.89,51.16,-11.16,1.04,120.62,1,100.52,30.16,0,0,0,0,0,0,0,0,50.26,0,100.52,0,0,0,0,ng,Texas,3.274,4.7058,0.0004,0,110
508,7428,31.4,20.89,51.16,-11.16,1.04,120.62,1,100.52,30.16,0,0,0,0,0,0,0,0,50.26,0,100.52,0,0,0,0,ng,Texas,3.274,4.7058,0.0004,0,110
509,7428,31.4,20.89,51.16,-11.16,1.04,120.62,1,100.52,30.16,0,0,0,0,0,0,0,0,50.26,0,100.52,0,0,0,0,ng,Texas,3.274,4.7058,0.0004,0,110
510,7428,31.4,20.89,51.16,-11.16,1.04,120.62,1,100.52,30.16,0,0,0,0,0,0,0,0,50.26,0,100.52,0,0,0,0,ng,Texas,3.274,4.7058,0.0004,0,110
511,7428,23.43,20.89,38.17,-8.33,1.04,90.0,1,75.0,22.5,0,0,0,0,0,0,0,0,37.5,0,75.0,0,0,0,0,ng,Texas,3.274,4.6716,0.0004,0,110
512,7428,0.0,0.0,41.23,-8.99,1.04,97.2,0,81.0,24.3,0,0,0,0,0,0,0,0,40.5,0,81.0,0,0,0,0,ng,Texas,3.274,4.6797,0.0004,0,110
513,7428,3.65,5.96,5.96,-1.3,1.04,14.04,1,11.7,3.51,0,0,0,0,0,0,0,0,5.85,0,11.7,0,0,0,0,ng,Texas,3.274,4.5868,0.0004,0,110
514,7389,33.0,0.0,0.0,0.0,1.04,52.8,1,44.0,0.0,0,0,0,0,0,0,0,0,0.0,0,44.0,0,0,0,0,solar,Texas,0.0,0.0,0.0,0,105
515,8030,0.0,0.0,119.58,-26.08,1.04,281.91,0,234.93,70.48,0,0,0,0,0,0,0,0,111.31,0,234.93,0,0,0,0,ng,Texas,3.975,4.8859,0.0004,0,111
516,8030,0.0,0.0,119.58,-26.08,1.04,281.91,0,234.93,70.48,0,0,0,0,0,0,0,0,111.31,0,234.93,0,0,0,0,ng,Texas,3.975,4.8859,0.0004,0,111
517,8030,0.0,0.0,119.58,-26.08,1.04,281.91,0,234.93,70.48,0,0,0,0,0,0,0,0,111.31,0,234.93,0,0,0,0,ng,Texas,3.975,4.8859,0.0004,0,111
518,8030,0.0,0.0,119.58,-26.08,1.04,281.91,0,234.93,70.48,0,0,0,0,0,0,0,0,111.31,0,234.93,0,0,0,0,ng,Texas,3.975,4.8859,0.0004,0,111
519,8043,172.42,-19.17,87.89,-19.17,1.01,207.2,1,172.67,51.8,0,0,0,0,0,0,0,0,86.33,0,172.67,0,0,0,0,ng,Texas,3.975,4.8025,0.0004,0,112
520,8043,0.0,0.0,87.89,-19.17,1.01,207.2,0,172.67,51.8,0,0,0,0,0,0,0,0,86.33,0,172.67,0,0,0,0,ng,Texas,3.975,4.8025,0.0004,0,112
521,8043,172.42,76.28,87.89,-19.17,1.04,207.2,1,172.67,51.8,0,0,0,0,0,0,0,0,86.33,0,172.67,0,0,0,0,ng,Texas,3.975,4.8025,0.0004,0,112
522,8043,172.42,-19.17,87.89,-19.17,1.01,207.2,1,172.67,51.8,0,0,0,0,0,0,0,0,86.33,0,172.67,0,0,0,0,ng,Texas,3.975,4.8025,0.0004,0,112
523,8043,0.0,0.0,87.89,-19.17,1.01,207.2,0,172.67,51.8,0,0,0,0,0,0,0,0,86.33,0,172.67,0,0,0,0,ng,Texas,3.975,4.8025,0.0004,0,112
524,8043,0.0,0.0,87.89,-19.17,1.01,207.2,0,172.67,51.8,0,0,0,0,0,0,0,0,86.33,0,172.67,0,0,0,0,ng,Texas,3.975,4.8025,0.0004,0,112
525,8057,0.0,0.0,276.52,-72.39,1.0,712.08,0,593.4,178.02,0,0,0,0,0,0,0,0,188.73,0,593.4,0,0,0,0,coal,Texas,2.329,8.0169,0.0008,0,113
526,8057,0.0,0.0,276.52,-72.39,1.0,712.08,0,593.4,178.02,0,0,0,0,0,0,0,0,188.73,0,593.4,0,0,0,0,coal,Texas,2.329,8.0169,0.0008,0,113
527,8067,0.0,0.0,431.0,-112.84,1.0,1109.88,0,924.9,277.47,0,0,0,0,0,0,0,0,230.28,0,924.9,0,0,0,0,coal,Texas,2.329,8.0169,0.0008,0,114
528,8067,923.54,-112.84,431.0,-112.84,1.0,1109.88,1,924.9,277.47,0,0,0,0,0,0,0,0,230.28,0,924.9,0,0,0,0,coal,Texas,2.329,8.0169,0.0008,0,114
529,8074,234.55,2.31,119.56,-26.07,1.03,281.88,1,234.9,70.47,0,0,0,0,0,0,0,0,111.3,0,234.9,0,0,0,0,ng,Texas,3.316,4.8859,0.0004,0,115
530,8074,234.55,1.15,119.56,-26.07,1.03,281.88,1,234.9,70.47,0,0,0,0,0,0,0,0,111.3,0,234.9,0,0,0,0,ng,Texas,3.316,4.8859,0.0004,0,115
531,8074,234.55,0.28,119.56,-26.07,1.03,281.88,1,234.9,70.47,0,0,0,0,0,0,0,0,111.3,0,234.9,0,0,0,0,ng,Texas,3.316,4.8859,0.0004,0,115
532,8074,234.55,1.1,119.56,-26.07,1.03,281.88,1,234.9,70.47,0,0,0,0,0,0,0,0,111.3,0,234.9,0,0,0,0,ng,Texas,3.316,4.8859,0.0004,0,115
533,8082,0.0,0.0,418.33,-109.52,1.04,1077.24,0,897.7,269.31,0,0,0,0,0,0,0,0,228.6,0,897.7,0,0,0,0,coal,Texas,2.329,8.0169,0.0008,0,116
534,8082,896.38,112.95,418.33,-109.52,1.04,1077.24,1,897.7,269.31,0,0,0,0,0,0,0,0,228.6,0,897.7,0,0,0,0,coal,Texas,2.329,8.0169,0.0008,0,116
535,8112,85.5,0.0,0.0,0.0,1.04,136.8,1,114.0,0.0,0,0,0,0,0,0,0,0,0.0,0,114.0,0,0,0,0,solar,Texas,0.0,0.0,0.0,0,117
536,8112,0.0,0.0,4.66,-1.22,1.04,12.0,0,10.0,3.0,0,0,0,0,0,0,0,0,4.0,0,10.0,0,0,0,0,coal,Texas,2.724,8.0169,0.0008,0,117
537,8112,0.0,0.0,163.89,-42.91,1.04,422.04,0,351.7,105.51,0,0,0,0,0,0,0,0,129.56,0,351.7,0,0,0,0,coal,Texas,2.724,8.0169,0.0008,0,117
538,8112,230.48,55.6,163.89,-42.91,1.04,422.04,1,351.7,105.51,0,0,0,0,0,0,0,0,129.56,0,351.7,0,0,0,0,coal,Texas,2.724,8.0169,0.0008,0,117
539,8126,659.03,-43.88,307.56,-80.52,1.03,792.0,1,660.0,198.0,0,0,0,0,0,0,0,0,200.75,0,660.0,0,0,0,0,coal,Texas,2.101,8.0169,0.0008,0,118
540,8126,659.03,-6.48,307.56,-80.52,1.03,792.0,1,660.0,198.0,0,0,0,0,0,0,0,0,200.75,0,660.0,0,0,0,0,coal,Texas,2.101,8.0169,0.0008,0,118
541,8126,659.03,-31.64,307.56,-80.52,1.03,792.0,1,660.0,198.0,0,0,0,0,0,0,0,0,200.75,0,660.0,0,0,0,0,coal,Texas,2.101,8.0169,0.0008,0,118
542,8043,0.0,0.0,1.86,-0.49,1.03,4.8,0,4.0,1.2,0,0,0,0,0,0,0,0,1.6,0,4.0,0,0,0,0,coal,Texas,2.724,8.0169,0.0008,0,112
543,8043,0.0,0.0,111.51,-29.19,1.03,287.16,0,239.3,71.79,0,0,0,0,0,0,0,0,93.76,0,239.3,0,0,0,0,coal,Texas,2.724,8.0169,0.0008,0,112
544,8158,0.0,0.0,11.2,-2.44,1.0,26.4,0,22.0,6.6,0,0,0,0,0,0,0,0,11.0,0,22.0,0,0,0,0,ng,Texas,3.975,4.6006,0.0004,0,120
545,8155,0.0,0.0,81.36,-21.3,1.0,209.52,0,174.6,52.38,0,0,0,0,0,0,0,0,69.84,0,174.6,0,0,0,0,coal,Texas,2.329,8.0169,0.0008,0,119
546,8155,174.34,-21.3,81.36,-21.3,1.0,209.52,1,174.6,52.38,0,0,0,0,0,0,0,0,69.84,0,174.6,0,0,0,0,coal,Texas,2.329,8.0169,0.0008,0,119
547,8158,0.0,0.0,53.44,-11.65,1.0,126.0,0,105.0,31.5,0,0,0,0,0,0,0,0,52.5,0,105.0,0,0,0,0,ng,Texas,3.975,4.7118,0.0004,0,120
548,8158,0.0,0.0,49.98,-10.9,1.0,117.84,0,98.2,29.46,0,0,0,0,0,0,0,0,49.1,0,98.2,0,0,0,0,ng,Texas,3.975,4.7027,0.0004,0,120
